Week,affordable,Bank of Canada,bargain,bond yield,canadian economy,central bank,cheapest,construction,Consumer price index,consumption,cost of living,costly,costly2,CPI,cutting rates,default rates,deflation,Deflation3,deflation4,disinflation,dollarama,downside risk inflation,economic downturn,economic growth,economic inflation,economic policy,Economy,economy5,employment,energy costs,equity,exchange rate,GDP,geopolitical conflict,government budget,grocery prices,high prices,Hiring,household debt,housing market,housing prices,hyperinflation,immigration,increasing rates,inflation,Inflation6,inflation7,inflation rate,inflationary,inflationary8,interest rate,job market,layoffs,monetary policy,Monetary policy9,monetary tightening,money supply,mortgage,oil,Panama Canal,petrol,policy rate,policy rate10,price pressures,price stability,prices,prices11,quantitative tightening,recession,Red Sea,rent,rent12,repo rate,retail prices,rising prices,Shipping,slowdown,stagflation,stock market,supply chain issues,tobacco,tobacco13,Unemployment,Unemployment14,unemployment rate,upside risk inflation,wage,Wage growth,wages,war,wholesale price
2019-03-24,17,30,4,1,41,<1,9,65,5,2,1,0,13,4,0,0,1,1,2,0,14,0,0,7,0,18,17,12,39,0,12,59,39,0,8,2,2,50,3,35,1,1,65,0,19,21,20,4,0,0,17,2,7,27,1,0,25,37,55,4,<1,1,19,0,0,36,36,0,1,8,63,63,0,0,1,9,0,0,8,0,3,49,4,10,2,0,9,0,5,26,1
2019-03-31,18,32,5,1,51,<1,9,68,7,2,1,1,16,7,0,0,1,1,2,0,13,0,0,4,12,19,18,13,38,56,11,59,38,0,5,0,1,54,0,38,1,0,69,0,20,22,21,4,0,0,17,2,6,31,1,0,34,33,56,3,<1,1,17,0,0,43,43,0,1,8,65,65,0,0,0,9,0,1,8,0,3,50,5,11,3,0,10,0,5,30,1
2019-04-07,18,30,5,1,47,<1,9,64,6,2,1,1,0,5,0,0,1,1,1,0,13,0,0,4,0,11,19,13,40,42,11,58,37,0,12,0,1,55,1,38,1,2,66,0,17,20,19,4,<1,<1,15,1,6,48,1,0,34,31,55,4,<1,1,21,0,0,40,40,0,1,10,59,59,0,14,1,9,<1,0,8,0,2,45,4,10,2,0,9,0,5,29,2
2019-04-14,17,25,5,1,36,<1,10,61,6,1,1,1,0,5,0,0,1,1,1,0,18,0,0,3,0,13,17,12,34,0,10,56,35,0,6,2,1,45,0,32,1,1,63,0,17,19,18,3,0,0,14,2,8,41,1,0,32,29,56,3,<1,1,25,0,0,38,38,0,1,10,57,57,0,15,2,9,<1,0,8,0,2,44,4,10,3,0,8,0,5,32,1
2019-04-21,17,34,6,1,31,<1,9,60,5,2,1,1,11,5,0,0,0,0,0,0,17,0,10,3,0,17,14,11,38,49,9,58,32,0,4,2,2,46,0,32,<1,1,62,0,16,18,17,3,0,0,18,1,5,36,1,0,23,29,56,3,<1,<1,10,0,0,42,42,0,<1,11,62,62,0,0,2,9,0,2,9,0,2,40,4,10,2,0,8,0,5,34,1
2019-04-28,19,30,5,<1,42,<1,9,65,5,2,1,1,0,5,0,0,0,1,0,0,15,0,0,3,0,15,16,12,36,0,10,54,31,0,3,2,2,52,0,36,1,1,67,0,16,17,17,2,0,0,15,1,7,18,1,0,0,32,56,3,<1,0,0,0,0,37,37,0,1,8,63,63,0,0,0,8,<1,0,8,0,3,49,4,10,2,0,9,0,5,36,1
2019-05-05,17,25,6,1,45,<1,9,67,6,1,1,1,15,5,0,0,1,1,1,0,15,0,0,3,0,15,16,12,37,0,9,50,33,0,3,2,1,51,0,36,<1,1,67,0,17,18,19,3,0,0,13,2,6,17,1,0,0,32,56,3,<1,<1,12,0,0,34,34,0,<1,7,62,62,0,0,0,9,<1,0,11,0,2,40,4,9,2,0,8,0,4,31,1
2019-05-12,17,24,5,1,46,<1,9,65,6,2,1,1,19,5,0,0,0,1,0,0,14,0,0,3,0,15,17,12,36,0,10,55,34,0,4,2,1,51,0,37,<1,1,70,0,15,16,16,2,0,0,13,2,4,16,1,0,14,32,54,3,<1,0,0,0,0,34,34,0,1,8,60,60,0,0,0,9,0,0,12,0,2,45,4,9,2,0,9,0,5,30,1
2019-05-19,16,21,5,1,46,<1,9,59,5,2,1,0,8,4,0,0,0,1,0,0,17,0,0,3,0,0,15,11,32,44,9,50,30,0,4,2,1,51,2,36,<1,0,63,0,13,14,14,2,0,0,13,1,4,13,1,0,12,28,53,3,<1,1,14,0,0,33,33,0,<1,8,64,64,0,0,0,8,1,0,9,0,2,40,3,9,2,0,8,0,4,31,1
2019-05-26,17,29,5,1,43,<1,9,66,5,2,1,1,11,5,0,0,0,1,0,0,15,0,0,3,0,26,17,13,36,0,9,52,34,0,3,2,1,59,0,33,1,0,67,0,15,17,16,3,0,0,15,1,4,17,1,0,15,31,58,2,<1,0,0,0,0,35,35,0,1,9,60,60,0,0,0,8,0,1,9,0,3,48,4,8,2,0,12,0,5,29,1
2019-06-02,16,26,5,1,48,<1,9,67,6,2,1,2,18,5,0,0,0,1,0,0,17,0,11,3,0,25,17,12,36,0,10,53,35,0,2,0,1,51,0,32,<1,0,67,0,14,16,15,3,0,0,14,1,4,13,1,0,23,31,52,2,<1,0,0,0,0,34,34,0,1,7,64,64,0,0,0,9,<1,0,8,0,3,48,4,9,2,0,11,0,6,29,2
2019-06-09,17,27,5,1,49,<1,9,67,6,1,1,0,13,5,0,0,0,1,0,0,16,0,0,3,0,13,17,12,35,0,9,54,31,0,3,2,1,49,0,31,1,1,68,0,15,16,16,3,0,0,14,1,4,19,1,0,0,33,51,3,<1,1,21,0,0,35,35,0,1,6,62,62,0,0,0,9,1,1,7,0,2,41,4,9,2,0,8,0,4,27,2
2019-06-16,16,30,5,<1,33,<1,9,70,7,2,1,1,13,5,0,0,0,1,0,0,16,0,0,4,0,20,15,11,35,47,10,56,27,0,2,0,1,52,2,28,<1,0,73,0,15,17,16,2,0,0,15,1,9,34,1,0,17,33,52,3,<1,1,17,0,0,31,31,0,1,7,62,62,0,0,0,9,0,0,8,0,2,43,4,9,2,0,9,0,5,25,1
2019-06-23,18,29,5,1,32,<1,10,66,5,1,1,1,16,5,0,0,0,1,0,0,18,0,0,2,0,0,12,9,37,43,8,58,28,0,4,0,1,53,0,29,1,0,67,0,13,14,14,2,0,0,13,1,7,18,1,0,12,32,53,4,<1,<1,11,0,0,37,37,0,<1,7,65,65,0,0,0,9,0,0,7,0,2,43,4,10,1,0,9,0,4,21,1
2019-06-30,17,26,5,1,23,<1,10,63,4,1,1,1,14,4,0,0,0,0,0,0,22,0,0,3,0,17,11,9,33,0,8,55,26,0,0,2,1,51,0,25,<1,0,63,0,13,15,14,2,0,0,12,1,4,11,<1,0,0,31,50,3,<1,<1,11,0,0,38,38,0,<1,9,69,69,0,0,0,9,<1,0,8,0,2,39,4,10,1,0,8,0,4,21,1
2019-07-07,18,32,5,1,37,<1,10,75,5,2,1,0,0,5,0,0,0,1,0,0,16,0,11,2,0,11,12,10,36,0,9,58,27,0,4,2,1,61,0,31,<1,0,71,0,15,16,16,2,0,0,16,1,7,12,1,0,11,31,52,3,<1,1,15,0,0,35,35,0,1,9,69,69,0,13,0,9,0,0,7,0,3,47,4,10,1,0,8,0,5,21,1
2019-07-14,18,29,5,1,32,<1,10,77,5,1,1,1,9,4,0,0,0,1,0,0,15,0,0,3,0,16,13,10,36,0,9,55,28,0,3,0,1,52,0,35,1,0,73,0,15,17,17,2,0,0,14,2,4,16,1,0,15,33,54,3,<1,1,15,0,43,36,36,0,1,16,68,68,0,0,0,10,<1,0,6,0,2,46,4,11,2,0,9,0,5,20,0
2019-07-21,19,25,5,1,34,<1,11,58,5,2,1,1,20,5,67,0,1,1,1,0,14,0,0,2,0,0,12,10,34,0,9,51,30,0,0,0,1,50,0,31,1,0,68,0,14,15,15,2,1,<1,13,2,6,11,<1,0,15,32,48,3,<1,<1,13,0,0,37,37,0,<1,18,75,75,0,0,0,9,0,0,7,0,2,45,4,10,1,0,8,0,4,20,1
2019-07-28,18,27,5,1,36,<1,10,53,4,2,1,1,15,4,0,0,1,1,1,0,18,0,0,3,0,12,11,10,35,0,8,62,25,0,0,2,<1,44,2,33,1,0,68,0,14,17,15,2,0,0,20,1,6,13,1,0,15,33,53,4,<1,1,20,0,0,38,38,0,1,100,71,71,0,0,0,9,1,0,8,11,2,46,4,10,2,0,8,0,5,19,0
2019-08-04,18,25,5,1,22,<1,9,58,4,1,1,1,9,3,0,0,0,0,0,0,19,0,0,1,0,0,11,10,31,0,8,61,27,0,2,2,1,48,0,30,<1,0,62,0,13,14,14,2,0,0,14,1,3,11,1,0,16,30,52,3,1,1,14,0,0,37,37,0,1,98,68,68,0,0,0,9,<1,0,13,0,2,42,4,12,2,0,7,0,4,20,1
2019-08-11,18,28,5,2,36,<1,10,60,5,1,1,1,10,4,0,0,0,1,0,0,17,0,0,2,10,15,13,11,34,59,9,61,30,0,0,3,1,51,0,37,1,0,68,0,14,15,15,2,0,0,16,1,4,25,1,0,12,33,49,3,<1,1,15,0,0,37,37,0,3,54,67,67,0,0,0,9,0,0,15,0,3,49,4,10,2,0,8,0,5,19,1
2019-08-18,20,29,5,1,29,<1,11,64,5,1,1,1,10,5,0,0,0,0,0,0,17,0,0,2,0,0,13,11,36,0,9,58,32,0,0,2,1,53,0,29,<1,0,68,0,12,14,13,2,0,0,14,1,3,19,1,0,23,34,51,4,<1,<1,13,0,0,36,36,39,2,31,71,71,15,15,1,9,<1,0,11,0,2,46,4,10,1,0,8,0,4,21,1
2019-08-25,19,27,5,1,31,<1,10,60,6,1,1,1,11,5,0,0,0,1,0,0,17,9,0,1,0,11,11,10,34,0,8,58,30,0,0,0,1,49,2,35,1,1,70,0,12,13,13,1,0,0,14,1,6,0,1,0,0,31,50,3,<1,0,0,0,0,36,36,0,2,24,66,66,0,0,2,10,0,0,10,0,2,43,4,10,1,0,8,0,4,19,2
2019-09-01,18,32,5,1,37,<1,9,54,5,1,1,1,17,4,0,0,0,0,0,0,21,0,0,2,0,0,12,10,33,0,9,55,33,0,2,2,1,50,0,29,<1,1,63,0,13,14,14,2,0,0,17,2,4,14,1,0,0,30,49,3,<1,0,0,0,0,31,31,0,1,19,62,62,0,0,0,9,<1,0,9,0,2,38,4,10,2,0,7,0,4,22,1
2019-09-08,18,26,5,1,45,<1,9,65,7,2,1,0,8,6,0,2,1,1,2,0,17,0,0,2,0,0,15,11,36,0,11,49,29,0,4,0,1,51,0,32,1,0,69,0,15,16,17,2,0,0,14,1,7,19,1,0,0,32,50,3,<1,1,14,0,0,30,30,0,1,15,55,55,0,0,0,9,0,0,7,0,3,45,4,10,2,0,8,0,4,22,1
2019-09-15,19,28,4,1,47,<1,9,63,8,2,1,1,19,7,0,0,0,1,0,0,15,0,0,3,14,23,16,12,36,0,13,50,43,0,4,3,1,53,3,27,1,0,71,0,16,18,18,3,0,0,18,2,4,22,1,0,0,33,66,3,1,1,14,0,0,41,41,0,1,16,57,57,41,0,0,9,<1,0,8,0,3,48,4,9,2,0,7,0,5,24,1
2019-09-22,19,27,4,1,40,<1,9,61,7,2,1,1,21,6,0,0,1,1,1,0,15,0,0,7,0,14,17,12,35,0,12,49,44,0,3,1,1,54,2,28,<1,1,71,0,17,18,18,3,0,0,16,1,4,20,1,0,16,30,51,3,<1,1,22,0,0,29,29,0,1,12,55,55,10,0,0,9,1,0,8,0,3,46,4,10,2,0,8,0,5,22,1
2019-09-29,18,27,4,1,47,<1,9,62,8,2,1,1,12,7,0,0,1,1,1,0,16,0,0,5,0,18,17,12,37,0,12,50,46,0,4,0,1,56,2,28,1,2,70,0,16,18,17,3,<1,<1,15,2,5,26,1,0,14,30,52,3,<1,<1,13,0,0,29,29,0,1,12,56,56,0,0,0,10,<1,0,10,0,3,46,4,10,2,0,8,0,5,28,1
2019-10-06,18,26,4,1,40,<1,9,56,7,2,1,1,9,5,0,0,1,0,1,0,15,0,0,4,0,11,17,12,35,0,11,47,43,0,3,0,1,48,2,27,1,1,72,0,16,17,17,3,0,0,15,1,4,19,1,12,15,27,52,3,<1,<1,13,0,0,28,28,0,1,11,52,52,0,0,0,9,1,1,9,0,3,47,4,10,3,0,8,0,5,28,1
2019-10-13,17,23,6,1,45,<1,9,53,7,2,1,1,0,7,0,0,1,1,1,0,18,0,0,4,9,0,16,12,32,0,10,45,44,0,4,0,1,47,0,25,<1,1,72,0,17,19,18,2,0,0,14,2,4,25,1,0,22,28,53,3,<1,<1,10,0,0,28,28,0,1,13,50,50,0,14,0,9,<1,1,8,0,2,44,4,10,3,0,8,0,4,27,1
2019-10-20,17,23,5,1,58,<1,8,66,6,2,1,1,19,7,0,0,<1,0,1,0,16,0,0,4,0,14,18,12,35,0,11,47,52,0,13,2,1,49,0,26,1,0,72,0,17,18,18,3,<1,<1,15,1,34,0,1,0,20,27,54,2,<1,1,16,0,0,26,26,0,1,8,49,49,0,0,0,9,0,0,7,0,2,42,5,11,3,0,8,0,4,25,1
2019-10-27,17,33,5,1,54,<1,9,57,6,2,1,1,12,5,0,0,1,0,1,0,18,0,0,4,0,12,17,12,34,0,11,51,37,0,5,3,1,50,2,22,<1,1,73,0,16,18,17,3,0,0,21,2,11,24,1,0,0,28,53,4,<1,<1,10,0,0,27,27,0,1,9,50,50,0,0,0,9,<1,0,8,0,3,46,5,11,3,0,8,0,5,26,1
2019-11-03,18,27,5,1,46,<1,9,63,7,2,1,<1,13,6,0,0,1,1,1,0,16,0,0,4,0,15,19,12,37,0,11,48,37,0,4,0,1,50,2,29,<1,0,93,0,16,17,17,2,0,0,14,1,5,23,1,0,28,29,54,3,<1,0,0,0,0,32,32,0,1,9,54,54,0,0,0,10,1,0,8,0,2,46,5,11,3,0,8,0,4,32,1
2019-11-10,16,23,4,<1,36,<1,9,52,6,2,1,1,11,6,0,0,1,1,1,1,16,0,0,4,0,15,16,11,31,0,11,43,34,0,4,1,1,48,2,21,<1,0,66,0,17,18,18,3,0,0,14,2,9,28,1,0,21,24,53,3,<1,<1,11,0,0,26,26,0,1,12,45,45,0,0,0,9,0,0,8,0,2,43,4,11,2,0,7,0,5,36,1
2019-11-17,17,25,6,1,57,<1,9,55,7,2,1,1,18,6,0,0,<1,1,1,0,14,0,0,5,0,22,17,12,36,43,11,44,36,0,4,0,1,45,0,24,<1,1,73,0,18,20,20,3,0,0,14,2,12,37,1,0,35,26,51,4,<1,1,23,0,0,26,26,0,1,11,45,45,0,0,0,10,0,1,8,0,3,47,4,12,2,0,7,0,4,26,1
2019-11-24,17,25,5,1,36,<1,9,55,7,2,1,1,10,6,0,0,1,1,1,0,15,0,0,4,0,10,17,12,32,0,9,46,40,0,2,0,1,47,0,25,1,1,65,0,16,18,17,2,0,0,14,1,8,29,1,0,31,24,49,4,<1,1,24,0,0,27,27,0,1,8,43,43,0,0,0,11,<1,0,8,0,2,41,4,11,2,0,7,0,4,26,1
2019-12-01,17,29,6,1,47,<1,9,52,7,1,1,0,0,6,0,0,1,1,1,0,17,0,0,4,0,0,17,12,33,0,11,45,44,0,6,2,1,45,2,24,1,1,66,0,17,19,18,3,0,0,15,2,8,30,1,0,22,25,50,2,<1,1,32,0,0,26,26,0,1,9,45,45,0,0,0,11,<1,1,8,0,2,43,5,13,3,0,7,0,5,25,1
2019-12-08,16,23,5,1,61,<1,9,53,8,1,1,1,10,6,0,0,1,1,2,0,17,8,0,4,0,34,17,11,31,0,11,46,37,0,3,3,1,38,2,22,1,1,61,0,19,21,21,3,0,0,12,2,7,54,1,0,23,25,50,3,<1,1,18,0,0,24,24,0,1,9,43,43,0,0,0,11,<1,0,7,0,2,37,5,12,2,0,6,0,4,27,0
2019-12-15,17,24,6,1,29,<1,9,49,7,1,2,0,0,6,0,0,0,0,0,0,21,0,0,4,0,0,14,11,31,0,9,46,34,1,3,0,1,43,0,24,<1,0,66,0,18,19,20,4,0,0,12,1,5,20,1,0,19,24,48,3,<1,1,17,0,0,27,27,0,1,9,43,43,0,0,0,10,1,0,8,0,2,47,5,15,2,0,6,0,4,26,1
2019-12-22,16,17,7,<1,37,<1,10,36,3,1,2,1,10,2,0,0,0,0,0,0,26,0,0,2,0,0,8,9,19,0,5,39,22,0,2,0,<1,29,0,24,<1,0,50,0,12,13,13,1,0,0,8,1,2,0,<1,0,0,21,49,4,<1,0,0,0,0,28,28,0,1,11,46,46,11,0,0,9,1,0,9,0,2,42,3,11,1,0,5,0,3,29,1
2019-12-29,18,22,5,<1,26,<1,11,35,4,1,2,1,0,3,0,4,1,1,2,0,18,0,0,1,0,0,9,9,29,0,7,47,28,0,2,3,1,44,0,26,<1,0,58,0,14,15,15,2,0,0,12,1,1,0,<1,0,12,26,54,4,<1,0,0,0,0,34,34,0,1,12,55,55,0,0,0,10,<1,0,9,0,2,42,4,13,1,10,7,0,3,55,1
2020-01-05,18,29,5,1,42,<1,10,53,7,2,2,1,19,5,0,0,1,1,2,0,13,0,0,3,0,0,14,11,38,0,10,56,36,0,3,0,1,59,0,29,1,2,87,55,16,17,17,3,0,0,14,2,4,0,1,0,0,30,55,4,<1,1,14,0,0,31,31,0,1,10,55,55,0,11,0,10,0,0,9,0,2,44,5,15,2,0,7,0,5,56,1
2020-01-12,19,27,4,<1,44,<1,10,63,8,2,2,<1,9,7,0,0,<1,1,1,0,11,0,0,5,0,9,17,12,38,0,12,43,44,0,3,0,1,52,0,28,1,0,75,0,17,19,19,3,0,0,15,2,5,22,1,0,12,31,51,4,<1,0,0,0,0,26,26,0,1,11,55,55,0,0,0,9,0,0,9,0,2,39,5,14,3,0,8,0,5,28,1
2020-01-19,19,32,5,1,42,<1,10,61,11,2,2,1,17,9,0,0,1,1,1,0,12,0,0,4,13,15,16,12,40,0,12,47,46,0,3,3,<1,58,1,26,1,1,76,0,19,21,20,4,0,0,19,2,6,27,1,0,17,31,51,5,<1,1,14,0,0,28,28,0,1,11,55,55,0,0,0,9,<1,0,11,0,2,40,5,13,2,0,8,2,5,26,2
2020-01-26,17,30,4,1,39,<1,9,64,10,2,2,1,17,7,0,0,1,1,1,0,12,0,0,5,0,11,16,12,37,0,11,49,46,0,3,2,<1,52,0,29,1,0,70,0,18,19,19,4,0,0,17,2,9,17,1,0,11,36,50,4,<1,0,0,21,0,29,29,0,1,11,53,53,10,0,0,9,1,0,12,0,2,41,4,12,3,0,8,0,5,25,2
2020-02-02,18,29,5,1,38,<1,10,65,7,2,2,1,14,6,51,0,1,1,1,0,12,0,0,4,0,18,18,13,38,0,13,46,45,0,3,1,1,60,0,31,1,0,74,0,19,21,20,5,0,0,17,1,6,0,1,11,11,36,49,3,<1,1,19,0,0,30,30,0,1,10,56,56,0,0,0,10,0,0,16,0,2,39,5,13,3,0,8,0,5,24,1
2020-02-09,19,29,5,1,47,<1,10,66,8,2,2,1,14,7,0,0,1,1,1,0,14,0,0,6,12,18,18,13,40,40,12,47,42,0,5,3,1,54,2,34,<1,0,66,0,18,20,19,4,<1,<1,16,2,6,23,1,0,21,33,51,3,<1,<1,9,0,0,32,32,0,1,9,56,56,0,0,0,9,1,0,11,0,2,41,4,12,2,0,7,0,5,25,1
2020-02-16,19,28,5,1,57,<1,11,57,5,2,2,0,0,4,0,0,0,0,0,0,16,0,0,4,0,15,17,13,37,0,12,45,37,0,5,3,1,54,1,35,1,0,69,41,17,19,18,3,0,0,15,2,13,16,1,0,28,38,51,3,<1,0,0,0,0,31,31,0,1,11,57,57,0,0,0,9,<1,0,12,0,2,42,4,12,2,0,8,0,5,25,1
2020-02-23,17,35,4,1,58,<1,10,66,7,2,1,1,12,7,0,0,1,1,1,0,13,0,0,4,0,17,21,15,38,32,12,51,43,0,8,4,1,56,0,40,1,1,79,0,19,21,21,4,0,0,18,2,9,15,1,0,43,37,51,3,<1,1,16,0,0,31,31,0,2,9,56,56,0,0,0,9,0,2,44,0,2,43,5,13,2,0,8,0,5,24,1
2020-03-01,19,80,5,2,63,1,9,68,7,2,1,1,16,6,39,0,1,<1,1,0,14,0,0,4,0,22,19,14,40,38,14,54,40,0,5,0,1,60,0,50,1,1,76,54,17,19,18,4,0,0,57,2,7,34,1,0,40,59,54,3,<1,1,31,0,0,31,31,0,1,9,57,57,0,0,0,11,0,1,34,0,2,44,5,12,2,0,7,0,5,25,1
2020-03-08,16,66,5,2,74,<1,9,68,6,2,1,1,8,6,0,0,1,1,2,0,15,0,10,4,10,16,24,17,41,0,13,75,41,0,4,2,1,53,0,73,1,1,68,0,16,18,18,3,1,1,39,2,15,28,1,0,33,61,82,3,1,1,32,0,0,67,67,0,6,7,53,53,0,0,0,9,<1,2,100,0,2,37,6,17,2,0,7,0,5,25,1
2020-03-15,13,70,4,1,88,1,6,66,4,1,1,0,12,3,63,0,1,2,2,0,20,0,12,3,0,15,27,16,100,0,10,85,45,0,6,3,1,55,0,100,1,2,57,0,14,15,15,2,0,0,41,1,43,52,1,0,31,100,67,2,1,1,25,0,0,57,57,0,7,8,49,49,0,0,0,13,1,2,85,0,2,34,29,76,5,0,7,0,5,27,1
2020-03-22,13,70,4,1,100,1,6,74,4,2,1,1,10,4,37,0,1,2,3,0,25,0,0,4,0,17,26,16,99,36,11,71,56,0,5,3,1,57,0,68,1,3,40,32,17,19,19,3,1,1,29,1,39,48,1,0,64,73,61,4,1,1,32,0,0,45,45,0,4,8,53,53,16,0,0,11,1,2,57,0,2,40,31,100,7,0,12,0,6,30,1
2020-03-29,13,45,4,1,68,1,6,70,4,1,1,1,10,4,0,0,1,2,2,0,22,0,22,4,0,14,23,13,66,0,11,56,43,0,5,1,1,42,2,65,1,3,43,41,16,18,17,2,0,0,22,1,42,45,1,0,55,51,71,5,<1,1,30,0,0,40,40,0,3,9,52,52,0,11,1,12,<1,2,36,0,3,47,21,58,5,0,26,0,7,31,1
2020-04-05,13,36,5,1,63,<1,6,53,4,1,1,1,11,4,46,0,1,2,3,0,27,0,8,4,12,20,23,14,58,0,9,49,47,0,4,4,1,39,2,53,1,2,42,0,19,21,20,3,0,0,20,2,24,58,1,0,53,37,65,2,<1,1,32,0,31,29,29,0,2,13,41,41,0,0,0,12,<1,1,34,0,2,43,21,51,6,0,17,0,5,29,1
2020-04-12,16,44,5,1,91,1,6,61,6,2,1,1,15,4,0,0,2,2,3,0,23,0,0,4,9,15,24,16,43,45,11,54,61,0,5,2,1,38,0,56,1,2,44,0,19,21,20,3,1,<1,21,2,23,42,1,0,55,39,68,2,<1,2,43,0,0,31,31,0,2,12,46,46,8,0,0,13,<1,2,32,0,2,44,13,31,5,0,17,0,5,30,1
2020-04-19,15,32,5,1,83,<1,6,56,5,2,1,1,19,5,0,0,2,3,4,0,20,0,0,3,9,26,23,16,41,0,10,51,46,0,5,0,1,34,2,50,1,3,60,0,20,23,21,3,1,<1,18,1,21,59,1,0,77,34,100,2,1,1,34,0,0,47,47,0,1,9,49,49,0,0,0,13,0,2,29,0,2,42,10,23,4,0,13,0,4,29,1
2020-04-26,15,33,5,1,57,<1,6,59,4,1,1,<1,13,3,0,0,2,2,3,0,21,0,0,2,0,16,23,16,32,36,10,48,43,0,2,2,1,38,0,45,1,1,45,0,15,17,16,2,0,0,15,1,17,28,1,0,20,35,69,2,<1,0,0,0,0,31,31,0,2,11,54,54,0,0,0,13,<1,2,27,0,2,41,8,21,3,0,14,0,5,29,1
2020-05-03,16,29,5,<1,63,<1,7,64,4,1,1,1,8,4,0,0,2,2,3,0,23,0,10,2,0,21,20,14,30,49,9,46,39,0,2,2,1,39,2,51,1,1,48,0,15,16,16,2,0,0,15,1,19,18,1,0,16,37,66,3,<1,1,14,0,0,28,28,0,1,8,53,53,0,0,1,13,<1,1,24,0,2,42,9,21,6,0,11,0,4,31,1
2020-05-10,16,28,5,1,51,<1,7,65,5,1,1,1,8,4,0,0,1,2,2,0,22,0,0,3,7,13,19,12,31,40,10,45,43,0,3,2,1,44,2,45,1,1,50,0,16,18,17,2,<1,<1,15,1,17,17,1,0,12,37,64,2,<1,1,18,0,0,25,25,0,1,11,54,54,0,0,0,14,<1,1,25,0,2,45,7,19,3,0,12,0,4,30,1
2020-05-17,16,27,5,<1,55,<1,7,58,5,1,1,<1,0,5,0,0,2,3,4,0,26,0,0,3,9,15,17,12,29,34,10,44,39,0,0,3,1,44,2,50,1,1,51,0,16,18,17,3,0,0,15,2,14,23,1,0,28,40,63,2,<1,1,15,0,0,28,28,0,1,11,58,58,0,0,0,14,<1,1,23,0,3,48,8,18,3,0,11,0,3,28,1
2020-05-24,18,31,5,<1,51,<1,7,70,5,1,1,1,7,4,0,0,1,1,2,<1,24,0,0,3,0,21,17,11,31,0,10,47,41,0,2,1,1,46,0,52,1,0,61,78,15,17,16,2,0,0,15,2,12,11,1,0,16,38,62,2,<1,<1,9,0,0,26,26,0,1,9,62,62,0,13,0,14,<1,2,21,0,2,45,7,17,3,0,11,0,4,28,1
2020-05-31,19,34,5,1,46,<1,7,72,4,1,1,1,13,4,0,0,1,1,1,0,23,0,0,3,8,12,15,11,34,0,13,55,35,0,2,0,1,56,2,56,1,1,62,0,14,15,15,2,0,0,17,2,11,17,1,0,25,45,57,2,<1,<1,13,0,0,26,26,0,1,8,62,62,0,0,1,13,<1,0,21,0,2,45,8,17,5,0,11,0,4,28,1
2020-06-07,18,29,5,<1,43,<1,7,73,5,1,1,1,13,5,0,1,1,1,2,0,23,0,0,3,0,15,15,10,33,33,12,48,33,0,3,1,1,59,2,41,1,1,78,0,14,16,14,2,0,0,15,1,10,18,1,0,24,50,59,2,<1,1,21,0,0,25,25,0,1,10,64,64,0,12,0,13,0,0,28,0,3,48,7,16,3,0,11,0,3,26,2
2020-06-14,21,26,6,<1,52,<1,8,76,6,2,1,1,12,5,0,0,1,1,2,0,23,0,0,2,0,17,15,10,35,0,11,44,33,0,3,1,1,59,3,34,1,1,61,0,16,16,17,3,0,0,14,1,15,18,1,0,34,46,57,2,<1,<1,12,0,0,25,25,0,1,9,67,67,0,0,0,14,1,1,21,0,3,47,6,15,3,0,11,0,4,27,1
2020-06-21,18,28,5,1,42,<1,8,69,5,1,1,0,16,5,0,0,0,1,0,0,23,0,0,3,10,0,12,9,33,0,11,44,28,0,2,2,1,61,0,39,1,1,66,0,13,15,14,1,0,0,14,2,14,26,<1,0,17,43,56,2,<1,1,17,0,0,26,26,0,1,8,70,70,0,9,1,13,<1,0,22,0,2,41,6,15,2,0,10,0,4,24,2
2020-06-28,19,26,5,<1,44,<1,8,70,4,1,1,1,8,4,33,0,<1,1,1,0,29,0,0,4,0,15,11,8,30,0,8,42,27,0,2,0,1,55,0,36,1,0,60,39,15,17,16,2,<1,<1,13,2,9,17,<1,0,21,44,55,2,<1,1,18,0,0,23,23,0,1,8,74,74,0,0,0,13,0,0,20,0,2,40,6,14,2,0,10,0,4,23,1
2020-07-05,19,27,5,1,43,<1,8,78,4,1,1,1,11,4,0,0,1,1,1,0,21,0,0,2,10,0,12,9,35,0,11,41,32,0,3,2,<1,59,0,42,1,1,69,0,15,16,16,2,1,1,14,2,10,12,1,0,18,47,56,1,<1,<1,11,0,0,25,25,0,<1,7,72,72,0,0,0,14,<1,1,17,0,2,38,7,15,4,13,10,0,4,24,2
2020-07-12,18,31,5,1,21,<1,8,76,5,2,1,1,14,5,0,0,1,1,2,0,20,0,0,2,0,14,12,9,31,0,11,40,34,0,3,2,1,54,0,37,1,0,65,0,16,17,17,3,0,0,15,2,12,15,1,0,29,45,55,3,<1,<1,11,0,0,24,24,0,1,9,69,69,0,0,0,12,<1,0,19,0,2,40,6,14,3,0,12,0,4,21,1
2020-07-19,19,27,5,<1,43,<1,8,62,5,1,1,<1,13,5,0,0,1,1,2,0,22,0,0,2,10,0,11,9,33,0,13,40,32,0,2,0,1,55,2,35,<1,2,63,0,15,16,16,2,0,0,14,1,16,10,1,0,14,44,56,2,<1,<1,11,0,0,25,25,0,1,10,68,68,0,10,0,14,0,0,18,0,2,39,6,15,3,0,10,0,4,22,1
2020-07-26,19,26,5,1,41,<1,8,62,5,1,1,1,12,4,0,0,1,1,2,0,21,0,0,2,0,0,11,9,31,0,10,42,47,0,2,0,1,55,0,37,1,2,63,0,16,18,18,3,0,0,14,1,10,15,1,0,32,40,54,2,<1,1,15,0,0,25,25,0,1,10,71,71,0,0,0,13,0,2,17,0,2,39,5,14,2,0,10,0,4,22,2
2020-08-02,20,26,6,1,40,<1,8,60,5,1,1,0,12,5,0,0,1,1,1,0,22,0,0,2,0,17,11,8,29,0,11,42,32,0,2,2,1,54,2,38,1,0,63,0,15,16,16,2,0,0,16,2,7,26,<1,0,34,44,53,1,<1,1,24,0,0,26,26,0,<1,11,70,70,0,12,0,13,0,1,17,0,2,40,6,16,3,0,9,0,4,23,1
2020-08-09,19,30,6,1,30,<1,7,65,5,1,1,1,15,5,0,0,1,1,1,0,20,0,0,1,0,14,11,9,32,0,10,40,30,0,2,2,1,58,0,39,1,0,67,0,16,17,17,3,<1,<1,17,2,8,32,1,0,37,49,55,1,<1,1,21,0,0,23,23,0,1,9,67,67,0,16,0,13,<1,1,16,0,2,38,6,15,3,0,9,0,4,23,1
2020-08-16,19,27,5,1,28,<1,8,70,4,1,1,0,13,4,0,0,<1,1,1,0,20,0,0,2,0,10,10,9,34,0,11,40,28,0,0,2,1,54,0,37,1,1,66,0,15,17,16,2,0,0,13,1,6,16,1,0,24,47,52,3,<1,1,18,0,64,23,23,0,1,8,63,63,0,0,0,13,0,1,14,0,2,41,5,13,2,0,9,0,3,22,1
2020-08-23,22,29,5,<1,28,<1,8,66,5,1,1,1,11,5,0,0,1,1,1,0,20,0,0,2,0,11,9,8,32,0,9,41,33,0,2,2,1,60,0,42,1,0,61,44,17,18,18,2,0,0,13,2,9,11,1,0,16,45,54,1,<1,<1,13,0,0,25,25,0,<1,6,65,65,0,0,0,13,<1,0,14,0,2,36,5,13,2,0,8,0,4,26,2
2020-08-30,20,25,5,<1,37,<1,7,62,5,1,1,0,9,6,0,0,1,1,1,0,23,0,0,1,0,12,10,8,32,0,9,41,39,0,0,0,1,57,0,39,1,0,61,0,15,17,16,2,0,0,13,1,6,17,1,0,19,41,51,1,<1,0,0,0,0,22,22,0,<1,7,67,67,0,0,0,13,<1,0,21,0,2,35,5,12,2,0,9,0,4,23,1
2020-09-06,18,21,5,<1,44,<1,8,57,4,1,1,1,10,4,0,0,1,1,1,0,26,0,0,1,0,0,11,8,29,0,10,36,33,0,1,0,1,58,3,35,1,1,55,0,13,14,14,2,0,0,13,2,7,16,1,0,14,40,52,2,<1,0,0,0,0,22,22,0,<1,7,58,58,0,0,0,12,<1,1,19,0,2,37,4,11,2,0,8,0,3,25,2
2020-09-13,21,21,6,1,41,<1,7,64,6,1,1,1,14,4,0,0,2,2,3,0,20,0,0,3,9,13,15,10,33,37,14,36,34,0,2,0,1,53,2,37,1,0,60,0,17,18,18,2,<1,<1,13,2,7,13,1,0,14,40,51,2,<1,0,0,0,0,22,22,0,<1,8,56,56,0,0,2,12,0,1,15,0,2,41,5,12,2,0,9,0,4,27,1
2020-09-20,18,24,5,1,41,<1,8,64,7,2,1,1,12,6,0,0,1,1,2,0,19,0,0,3,0,12,16,10,34,0,14,35,38,0,0,0,1,59,0,44,1,1,61,32,17,18,18,3,0,0,15,2,9,14,1,0,19,39,53,1,<1,1,18,0,0,21,21,0,<1,14,57,57,0,9,2,12,0,0,18,0,2,38,5,13,2,0,11,0,4,27,2
2020-09-27,20,25,5,1,43,<1,7,62,8,2,1,1,18,6,0,0,<1,1,1,0,20,0,0,4,0,18,21,11,35,0,16,37,41,0,3,0,1,54,0,45,1,1,62,0,17,20,19,3,0,0,17,1,17,27,1,0,18,39,50,1,<1,0,0,0,0,21,21,0,1,16,57,57,0,0,0,12,<1,1,16,0,2,37,6,18,3,0,11,0,4,26,1
2020-10-04,18,24,5,1,36,<1,7,61,6,2,1,1,18,5,0,0,1,1,2,0,17,0,0,4,13,14,17,10,33,0,14,37,36,0,2,0,1,56,0,40,1,0,73,0,17,19,19,4,1,<1,16,2,12,15,1,0,23,37,52,1,<1,1,20,0,0,21,21,0,1,13,52,52,0,0,1,11,<1,0,15,0,2,38,7,17,4,0,10,0,4,30,2
2020-10-11,20,22,5,1,31,<1,8,55,6,2,1,1,14,6,0,0,1,1,1,0,21,0,0,3,0,12,14,9,32,48,15,36,38,0,2,0,1,57,0,41,1,1,73,0,18,18,19,2,0,0,16,2,11,20,1,0,11,37,53,1,<1,<1,10,0,0,20,20,0,1,10,53,53,0,0,0,12,<1,1,15,0,2,39,6,17,2,0,9,0,4,32,2
2020-10-18,20,23,5,1,33,<1,7,60,7,2,1,1,13,5,0,0,1,1,1,0,19,0,10,5,0,15,15,9,33,0,15,34,38,0,2,0,1,53,0,35,1,1,65,0,17,20,18,3,1,<1,16,2,10,33,1,0,16,39,55,1,<1,1,18,0,0,21,21,0,<1,8,54,54,0,0,0,13,0,0,14,0,2,38,5,17,3,0,9,0,4,30,1
2020-10-25,17,27,6,<1,47,<1,6,57,6,2,1,1,14,6,0,0,1,1,1,0,24,0,0,3,0,11,15,9,31,0,12,36,45,0,2,0,1,48,0,38,1,1,70,0,17,20,19,3,0,0,17,1,12,12,1,0,20,36,54,1,<1,<1,11,0,0,21,21,0,<1,9,52,52,0,11,0,13,0,0,20,0,2,37,5,15,3,0,8,0,4,27,1
2020-11-01,16,21,4,1,28,<1,6,53,5,1,1,1,15,5,0,0,<1,1,1,0,17,0,0,3,0,23,15,9,27,0,12,38,37,0,3,0,1,44,0,29,<1,2,64,0,13,16,14,2,0,0,14,1,6,22,1,0,19,29,47,2,<1,0,0,0,0,18,18,0,<1,8,47,47,0,0,0,10,<1,0,21,0,2,31,5,14,3,0,7,0,4,30,1
2020-11-08,19,23,6,1,38,<1,7,57,6,1,1,1,11,5,0,0,<1,1,1,0,19,0,0,3,0,11,14,9,29,0,14,43,30,0,0,0,1,48,0,29,1,1,66,63,16,18,17,3,0,0,14,1,5,11,1,0,24,30,53,1,<1,1,14,0,0,21,21,0,<1,9,47,47,0,10,1,12,<1,0,21,0,2,37,5,15,2,0,8,0,4,59,1
2020-11-15,18,22,5,1,31,<1,7,61,7,1,1,1,14,6,0,0,1,1,1,0,20,0,0,3,9,23,13,9,28,35,12,39,32,0,3,0,<1,47,1,35,<1,1,63,48,18,20,20,3,0,0,15,1,9,12,1,0,33,32,51,1,<1,1,22,0,0,19,19,0,<1,8,48,48,0,14,1,13,<1,1,18,0,2,35,5,14,2,0,8,0,4,55,1
2020-11-22,19,22,6,1,31,<1,7,55,7,2,1,1,14,5,0,0,1,1,1,0,22,0,0,2,10,11,14,9,27,0,12,40,33,0,3,2,1,43,0,28,<1,0,58,0,17,18,18,3,0,0,13,2,9,38,1,0,25,29,52,1,<1,1,28,0,0,20,20,0,1,8,47,47,10,0,2,16,0,0,25,0,2,36,5,15,2,0,8,0,3,43,1
2020-11-29,17,28,6,1,34,<1,7,56,7,1,1,1,8,5,0,0,1,1,1,0,22,0,0,3,0,20,15,9,28,0,12,46,34,1,5,1,1,43,0,30,<1,1,61,38,17,20,19,3,0,0,15,1,8,37,1,0,42,37,50,1,<1,1,24,0,0,19,19,0,<1,7,44,44,0,0,1,15,0,0,19,0,2,35,5,15,2,0,7,0,4,41,1
2020-12-06,17,28,6,1,39,<1,7,57,7,1,1,1,16,6,0,2,1,1,1,0,24,0,12,3,0,16,14,9,28,44,12,44,34,0,3,3,<1,41,2,27,1,1,56,0,20,22,21,3,1,1,17,2,6,42,1,0,48,42,54,1,<1,1,26,0,0,21,21,0,<1,7,44,44,0,0,1,14,<1,1,21,0,2,36,5,16,2,0,8,0,3,36,1
2020-12-13,15,24,7,1,41,<1,7,57,7,1,1,1,18,5,0,0,1,1,2,0,26,0,0,3,0,22,14,9,28,0,12,45,31,0,3,0,1,36,0,31,<1,2,57,0,22,24,23,3,0,0,16,2,4,43,1,0,48,32,48,1,<1,1,34,0,0,19,19,0,<1,8,40,40,0,0,2,14,0,0,17,0,2,38,5,20,2,0,7,0,3,39,1
2020-12-20,15,18,6,<1,16,<1,6,42,4,1,1,1,9,2,0,0,1,1,1,0,36,0,0,1,0,0,7,6,21,0,6,37,28,0,0,0,0,30,0,30,1,0,45,0,16,17,17,1,0,0,9,1,4,13,<1,0,22,26,47,1,<1,0,0,0,0,17,17,0,<1,9,39,39,0,0,0,12,<1,0,22,0,2,39,4,17,1,0,6,0,2,38,1
2020-12-27,17,20,6,<1,29,<1,7,38,4,1,1,0,12,4,0,0,0,1,0,0,26,12,0,0,0,0,8,6,19,0,7,35,27,0,0,0,1,34,0,35,1,1,47,0,17,17,18,2,0,0,11,1,3,0,<1,0,17,29,50,1,<1,0,0,0,0,19,19,0,<1,12,50,50,0,10,0,12,<1,0,24,0,2,36,4,20,1,0,6,0,3,42,1
2021-01-03,17,26,5,<1,20,<1,7,66,5,1,1,1,14,5,0,0,1,1,2,0,19,0,0,2,0,0,10,7,31,0,9,46,27,0,2,0,<1,47,2,30,1,1,65,0,17,19,19,2,0,0,14,1,6,0,<1,0,22,35,55,1,<1,0,0,0,0,17,17,0,<1,9,52,52,0,0,1,12,1,0,24,0,2,35,5,21,2,0,8,0,4,38,0
2021-01-10,18,23,6,1,16,<1,7,85,6,1,1,1,11,5,0,0,1,1,1,0,18,0,0,2,0,0,12,8,29,0,11,42,30,0,2,0,<1,44,0,32,<1,1,63,0,17,18,18,2,0,0,15,1,7,14,1,0,12,41,52,2,<1,1,14,0,0,21,21,0,<1,9,50,50,0,0,2,12,0,0,23,0,2,37,5,20,2,0,9,0,4,36,2
2021-01-17,17,28,6,1,42,<1,7,67,6,2,1,1,14,6,0,0,1,1,2,0,17,7,0,4,9,14,13,9,31,0,12,45,41,0,2,0,1,50,0,41,1,1,65,0,19,21,21,3,0,0,18,2,7,0,1,0,25,45,56,2,<1,<1,13,0,0,20,20,0,<1,10,51,51,0,0,0,13,<1,1,27,0,2,35,5,18,3,0,9,0,4,34,2
2021-01-24,17,25,6,1,44,<1,7,63,8,2,1,1,0,6,0,0,1,1,1,0,17,0,0,3,0,18,13,9,29,0,14,45,48,0,2,2,1,49,0,47,1,1,62,0,19,21,20,3,0,0,17,1,15,18,1,0,20,42,56,2,<1,1,14,0,0,21,21,0,<1,10,51,51,0,0,0,12,0,0,51,8,2,36,5,17,2,0,10,0,3,29,1
2021-01-31,18,23,5,1,35,<1,7,62,8,2,1,1,10,7,0,2,<1,1,1,0,18,11,0,2,0,14,13,8,31,0,15,43,41,0,4,0,1,48,0,46,1,0,60,73,19,22,21,3,0,0,17,1,43,17,1,0,27,43,53,1,<1,<1,11,0,0,20,20,0,<1,9,53,53,0,0,1,12,0,0,36,0,2,34,6,17,3,0,9,1,4,30,1
2021-02-07,15,21,5,1,35,<1,7,62,9,2,1,1,18,7,0,0,1,1,1,0,18,0,0,4,0,15,12,8,29,42,13,38,39,0,5,2,1,44,0,42,1,1,63,0,23,25,24,4,0,0,16,2,25,15,1,0,35,39,51,2,<1,<1,13,0,0,21,21,0,<1,9,50,50,0,0,1,11,0,0,27,0,2,34,5,15,2,0,8,0,4,29,1
2021-02-14,16,21,6,1,22,<1,7,59,6,2,1,1,0,5,0,0,1,1,1,0,17,0,0,2,0,0,11,8,30,0,12,38,30,0,2,0,1,43,0,48,1,2,77,62,22,24,24,3,0,0,15,2,6,13,<1,0,23,40,54,2,1,0,0,0,0,23,23,0,<1,8,51,51,0,0,1,12,0,0,26,0,2,38,5,15,2,0,8,0,3,30,2
2021-02-21,18,29,5,3,27,<1,7,66,8,2,1,1,18,7,76,0,1,1,1,0,17,0,0,3,9,12,13,9,31,0,14,48,37,0,3,0,1,53,0,48,1,3,66,43,27,31,29,4,0,0,19,2,7,21,1,0,50,49,54,2,1,1,16,0,0,25,25,0,<1,12,54,54,0,0,2,11,0,0,32,0,2,39,5,15,2,0,11,0,4,33,2
2021-02-28,18,27,6,3,31,<1,7,67,7,2,1,1,15,7,0,0,1,1,1,0,17,0,0,3,0,15,12,9,30,0,13,44,40,0,4,2,1,49,0,59,1,2,67,0,24,26,25,3,1,<1,18,1,6,14,1,0,30,54,53,2,<1,1,17,0,0,25,25,0,<1,9,59,59,0,0,2,10,0,1,30,0,2,40,5,14,2,8,10,0,4,32,2
2021-03-07,16,31,6,2,38,<1,7,66,7,1,1,0,13,7,0,0,1,1,1,0,17,0,0,2,0,12,12,9,32,0,13,45,35,0,5,2,1,52,0,60,1,2,61,0,26,29,28,4,1,1,19,2,5,12,1,0,42,49,52,1,<1,1,21,0,0,26,26,0,<1,11,57,57,0,0,1,10,0,0,22,0,2,36,4,15,2,0,9,0,4,27,2
2021-03-14,17,27,6,2,29,<1,7,72,7,2,1,1,11,6,0,0,1,2,2,0,18,0,0,2,0,12,12,9,29,0,13,49,35,0,4,3,1,46,2,63,1,2,63,33,28,32,30,4,1,<1,18,1,6,23,1,0,61,47,52,2,<1,1,22,0,0,28,28,0,<1,8,60,60,0,0,2,10,0,1,19,0,2,36,4,14,2,0,8,0,3,27,1
2021-03-21,17,27,5,2,26,<1,7,74,6,2,1,1,11,5,0,0,1,2,2,0,18,0,0,3,0,14,12,9,29,0,12,44,35,0,5,2,1,51,0,68,1,2,58,0,23,26,25,3,1,1,16,1,5,36,1,0,60,44,56,16,<1,1,30,0,0,24,24,0,<1,13,58,58,0,10,2,13,<1,1,18,0,2,37,4,13,2,0,9,1,4,25,1
2021-03-28,17,24,6,1,31,<1,7,62,6,1,1,1,14,5,0,0,1,1,1,0,28,0,0,3,0,11,11,8,25,0,11,41,30,0,2,2,2,43,0,68,1,1,56,0,21,24,22,3,0,0,14,1,4,24,1,0,49,40,52,15,<1,<1,11,0,0,25,25,0,<1,12,59,59,0,0,1,11,0,0,19,0,2,34,4,13,2,0,8,0,3,27,1
2021-04-04,18,28,5,1,34,<1,7,68,6,1,1,1,12,6,0,0,1,1,1,0,24,0,0,3,9,21,11,8,29,0,12,45,33,0,5,0,1,45,0,86,1,1,55,0,23,25,25,4,<1,<1,14,1,3,46,1,0,59,43,52,3,<1,1,27,0,0,23,23,0,<1,9,58,58,0,0,1,11,0,0,17,0,2,36,4,15,2,0,9,0,3,27,1
2021-04-11,15,27,5,1,29,<1,6,100,10,2,1,1,17,8,0,0,<1,1,1,0,16,0,0,3,0,20,12,9,29,0,12,44,34,0,5,1,1,44,0,60,1,2,86,100,22,24,24,3,1,<1,17,1,4,47,1,0,87,40,49,3,<1,1,33,0,0,22,22,0,<1,10,55,55,0,0,0,10,0,1,16,0,2,34,4,13,2,0,8,0,4,26,1
2021-04-18,16,33,4,1,23,<1,7,75,7,1,1,1,17,6,0,0,<1,1,1,0,17,0,0,4,0,11,13,9,30,40,12,45,41,0,20,0,2,47,2,58,1,2,85,71,24,25,26,4,0,0,17,1,3,39,1,0,53,37,51,3,<1,1,35,0,0,23,23,0,<1,9,53,53,0,0,2,10,0,2,16,0,2,37,4,13,1,0,9,0,4,29,1
2021-04-25,16,27,5,1,34,<1,7,69,6,1,1,1,16,5,0,0,1,1,1,0,17,0,0,2,9,23,11,8,31,0,11,53,31,0,5,0,2,46,0,53,1,1,69,0,21,23,23,3,0,0,15,1,3,28,1,0,34,37,50,2,<1,1,15,0,0,22,22,0,<1,9,56,56,0,0,1,11,<1,1,13,0,2,41,3,12,1,0,9,1,4,29,1
2021-05-02,17,25,5,1,24,<1,7,66,6,1,1,1,13,6,0,0,1,2,2,0,18,0,0,1,0,0,10,8,29,0,11,49,26,0,0,0,2,48,0,60,1,2,100,0,25,27,26,3,0,0,13,1,4,0,<1,0,17,35,51,1,<1,<1,13,0,0,24,24,0,<1,8,52,52,0,0,2,11,0,0,16,0,2,36,4,13,2,0,9,0,4,25,1
2021-05-09,16,24,6,1,30,<1,7,70,11,2,1,<1,13,10,0,0,1,1,2,0,19,0,0,0,0,0,10,8,28,43,11,58,28,0,3,2,2,49,0,52,1,2,76,0,41,45,44,4,1,1,13,1,3,23,1,0,14,34,53,1,<1,1,21,0,0,29,29,0,<1,8,56,56,0,0,4,11,0,0,19,0,2,39,4,12,2,0,8,0,4,28,1
2021-05-16,16,23,6,1,27,<1,7,73,7,2,1,1,19,6,0,2,1,1,2,0,17,0,0,3,0,15,10,8,27,0,9,51,28,0,0,0,1,46,2,54,1,2,61,0,29,31,31,4,0,0,14,1,3,20,1,0,29,35,52,2,<1,0,0,0,0,24,24,0,<1,16,54,54,0,0,1,11,<1,2,15,0,2,34,3,11,1,0,8,0,3,28,1
2021-05-23,18,21,6,1,23,<1,7,83,5,1,1,1,19,5,0,0,1,1,2,0,21,0,0,2,0,9,9,7,25,36,11,47,31,0,3,2,1,48,0,52,1,2,62,44,24,25,26,3,0,0,13,1,3,21,1,0,25,38,50,1,<1,0,0,0,0,22,22,35,<1,7,57,57,16,0,0,11,<1,0,14,0,2,39,4,12,1,0,8,0,3,26,1
2021-05-30,18,25,5,1,28,<1,7,67,6,2,1,1,15,5,0,0,<1,1,1,0,20,0,0,2,21,11,10,8,26,0,10,47,32,0,5,1,1,50,2,50,1,0,61,0,23,24,24,3,0,0,16,1,3,14,1,0,28,37,52,1,<1,1,16,0,0,21,21,0,<1,8,58,58,0,0,2,10,0,0,16,0,2,35,3,11,1,0,10,0,3,26,1
2021-06-06,17,25,5,1,20,<1,7,68,13,1,1,1,13,12,0,0,1,1,2,0,23,0,0,2,0,0,10,8,25,0,9,40,28,0,2,0,1,54,0,40,1,2,58,0,28,29,30,3,<1,<1,14,1,3,10,<1,0,17,32,50,2,<1,1,14,0,0,23,23,0,<1,8,57,57,0,0,0,11,1,1,13,0,2,35,3,11,1,0,9,0,4,23,2
2021-06-13,17,21,5,1,26,<1,7,64,9,1,1,1,9,7,0,0,<1,1,1,0,25,0,0,2,12,9,11,8,27,0,10,45,31,0,0,0,1,50,0,55,1,3,63,0,30,32,32,4,0,0,15,1,2,26,1,0,19,30,49,2,<1,<1,12,0,0,27,27,0,<1,7,58,58,0,0,1,10,<1,1,13,0,2,38,3,12,2,0,9,0,4,25,1
2021-06-20,16,23,6,1,24,<1,8,66,6,1,1,1,12,6,0,0,0,1,0,0,26,0,10,2,0,0,8,8,26,0,9,45,25,0,3,0,1,55,0,47,1,1,60,0,21,24,23,3,0,0,12,1,3,16,<1,0,21,28,47,1,<1,0,0,0,0,27,27,0,<1,8,62,62,0,0,0,10,0,0,12,0,2,34,3,11,1,0,9,0,3,21,1
2021-06-27,16,21,7,1,19,<1,8,55,6,1,1,1,12,6,0,0,1,1,2,0,30,0,0,1,0,0,6,6,23,0,8,38,22,0,0,0,1,49,0,62,1,0,51,0,17,18,18,2,0,0,10,1,1,14,<1,0,16,27,48,1,<1,0,0,0,0,26,26,0,<1,10,61,61,0,0,0,10,0,1,11,9,2,35,3,13,1,0,8,0,3,29,1
2021-07-04,17,22,6,1,16,<1,8,72,5,1,1,1,0,6,0,0,1,1,1,0,21,0,0,2,0,0,7,7,28,0,9,46,24,1,2,2,1,59,2,47,1,1,61,0,19,20,21,2,1,<1,11,1,2,14,<1,0,14,33,49,1,<1,<1,12,0,0,28,28,0,<1,9,63,63,0,0,1,11,<1,1,14,0,2,36,4,13,1,0,9,0,3,32,1
2021-07-11,16,26,5,1,26,<1,8,76,8,1,1,1,12,8,0,0,1,2,2,0,21,0,0,2,0,11,7,7,26,0,9,46,24,0,2,2,1,55,0,46,1,1,62,0,25,27,27,3,0,0,14,1,2,10,<1,0,19,30,49,1,<1,1,16,0,0,32,32,0,<1,9,64,64,0,0,2,11,0,1,11,0,2,34,4,13,1,0,10,0,4,25,2
2021-07-18,19,23,5,1,23,<1,9,54,6,1,1,1,15,6,0,0,1,1,2,0,21,0,0,2,0,0,7,7,27,0,9,45,24,0,0,0,1,51,0,43,1,1,62,0,20,21,21,3,0,0,12,1,2,15,<1,0,19,29,49,1,<1,1,15,0,0,29,29,0,<1,9,64,64,0,0,0,11,0,0,14,0,2,36,3,13,1,0,9,0,3,21,2
2021-07-25,18,23,5,1,21,<1,8,52,7,1,1,1,17,6,0,0,1,1,1,0,21,0,0,2,0,13,7,8,26,0,10,43,25,0,2,0,1,55,2,52,1,0,59,0,20,21,22,3,0,0,11,<1,1,13,<1,0,16,29,48,2,<1,1,15,0,0,26,26,0,<1,6,63,63,0,0,0,11,0,1,11,0,2,39,3,14,1,0,8,0,4,22,1
2021-08-01,18,20,4,1,13,<1,8,55,4,1,1,0,8,4,0,0,1,1,1,0,23,0,0,1,0,0,6,6,24,0,8,40,21,0,0,0,1,49,2,44,1,0,57,0,18,19,20,2,0,0,11,1,2,13,<1,0,26,26,46,2,<1,1,22,0,0,28,28,0,<1,8,64,64,0,0,0,12,<1,2,10,0,2,38,3,14,1,0,8,0,4,20,2
2021-08-08,19,20,5,<1,20,<1,8,58,7,1,1,1,11,7,0,0,1,1,2,1,20,0,0,2,0,0,7,7,26,0,8,41,23,2,2,2,1,51,0,38,1,0,62,0,20,21,21,2,0,0,11,1,2,20,<1,0,25,29,49,1,<1,1,14,0,0,27,27,0,<1,8,61,61,0,13,0,12,1,0,10,0,2,39,3,13,1,0,8,0,4,21,1
2021-08-15,18,21,5,1,15,<1,9,57,6,1,1,1,15,6,0,0,1,1,1,0,20,0,0,1,0,0,7,8,27,0,9,41,24,0,0,2,1,57,0,38,1,0,66,0,22,24,24,3,0,0,11,1,2,100,1,0,29,29,49,1,<1,1,15,0,0,28,28,0,<1,8,60,60,0,0,2,11,0,2,11,0,2,37,3,13,1,0,8,0,4,25,1
2021-08-22,19,21,4,<1,14,<1,8,62,5,1,1,1,0,5,0,0,1,1,1,0,21,0,0,1,0,0,6,6,26,0,9,43,20,0,3,2,1,55,0,38,1,1,65,0,19,20,20,2,0,0,11,1,2,31,1,0,14,28,47,1,<1,1,14,0,0,27,27,0,<1,9,59,59,0,0,1,10,0,2,10,0,2,33,3,13,1,0,8,0,4,20,0
2021-08-29,18,21,4,1,22,<1,8,62,5,1,1,1,0,5,0,0,1,1,1,0,21,0,0,1,10,0,7,7,30,0,11,41,26,0,0,2,1,50,0,40,1,0,61,0,17,18,18,3,0,0,10,1,2,16,<1,0,20,29,45,2,<1,0,0,0,0,26,26,0,<1,11,61,61,0,0,0,10,0,2,10,0,2,37,3,15,1,0,8,0,4,19,1
2021-09-05,17,23,4,<1,0,<1,8,54,6,1,1,1,14,6,0,0,0,1,0,0,26,0,0,2,0,0,8,7,27,0,10,39,26,0,3,2,1,52,0,43,1,0,58,0,19,21,20,2,0,0,11,1,2,21,1,0,12,25,43,3,<1,1,15,0,0,22,22,0,<1,9,56,56,0,0,0,10,0,1,12,0,2,34,4,14,1,0,8,0,4,22,2
2021-09-12,17,23,5,<1,30,<1,7,62,11,1,1,1,13,9,0,0,<1,0,1,0,20,0,0,4,0,9,11,9,29,0,13,37,31,0,2,2,1,58,0,42,1,1,66,0,33,34,35,5,0,0,12,1,2,41,1,0,17,29,44,2,<1,<1,11,0,0,22,22,0,<1,7,52,52,0,0,0,9,1,2,10,0,2,38,4,12,1,0,10,0,4,20,1
2021-09-19,19,21,5,1,33,<1,7,60,7,1,1,2,17,7,0,0,1,1,1,0,18,0,0,4,0,18,12,9,30,0,13,42,35,0,2,0,1,53,3,43,1,0,67,0,23,24,24,3,0,0,13,1,3,27,1,0,19,27,43,3,<1,<1,11,0,0,22,22,0,<1,9,49,49,0,14,0,10,0,2,18,0,2,33,4,12,1,0,9,0,4,20,1
2021-09-26,16,24,5,1,39,<1,7,59,8,1,1,1,12,6,0,2,1,1,2,0,19,0,0,3,19,10,12,9,31,0,12,42,39,0,5,4,1,55,0,51,1,1,71,54,23,25,25,4,0,0,14,2,6,12,1,0,18,28,46,1,1,<1,13,0,0,22,22,0,<1,12,54,54,0,0,1,10,<1,2,15,12,2,40,5,15,2,0,10,0,4,19,2
2021-10-03,17,23,6,1,30,<1,8,56,8,2,1,1,9,7,0,0,1,1,2,0,20,0,0,3,10,19,13,10,32,47,12,45,35,0,2,2,2,56,2,44,1,2,67,0,25,27,26,4,0,0,15,2,3,0,1,0,28,28,52,1,<1,1,19,0,0,36,36,0,<1,8,51,51,0,0,1,11,0,3,15,14,2,40,4,13,2,0,10,0,4,22,1
2021-10-10,18,21,5,1,26,<1,8,53,10,2,1,1,13,8,0,0,1,1,2,0,24,0,0,3,10,21,11,9,27,40,11,47,33,0,0,2,2,62,0,41,1,0,64,0,34,38,36,5,0,0,13,1,3,18,1,0,28,29,49,2,1,1,32,0,0,30,30,0,<1,8,51,51,0,0,2,10,0,6,12,41,2,36,3,12,2,0,9,0,5,22,1
2021-10-17,18,24,5,1,33,<1,8,56,13,2,1,1,15,9,0,0,1,1,1,0,20,0,0,3,0,0,13,10,31,0,14,48,39,0,3,2,2,64,0,41,1,2,68,0,48,55,51,9,0,0,17,2,3,12,1,0,41,28,50,2,1,1,28,0,0,33,33,0,1,7,51,51,0,0,2,12,0,2,12,45,2,39,4,12,2,0,10,0,5,24,2
2021-10-24,17,30,5,1,25,<1,8,58,9,2,1,1,14,7,0,0,1,1,1,0,27,0,0,3,0,17,12,10,29,0,14,46,31,0,0,0,2,55,0,35,1,9,67,36,38,41,40,6,0,0,19,1,3,19,1,0,30,29,47,3,<1,1,15,0,0,28,28,0,<1,7,49,49,0,0,0,11,<1,3,12,35,2,34,3,10,1,0,9,0,4,22,1
2021-10-31,18,25,5,1,44,<1,8,54,10,2,1,1,17,8,0,0,1,1,1,0,20,0,0,4,0,16,13,10,29,0,13,43,36,0,2,2,1,56,0,36,1,2,64,47,32,38,35,5,1,<1,15,2,3,19,1,0,30,29,51,1,1,1,15,0,0,27,27,0,<1,5,49,49,12,0,2,10,0,2,12,26,2,40,4,12,2,0,17,0,5,24,1
2021-11-07,18,23,6,1,36,<1,8,56,12,2,1,1,11,9,0,0,1,1,1,0,19,0,0,3,11,11,12,9,26,0,13,43,34,0,3,4,1,54,0,35,1,2,62,0,44,46,47,8,0,0,14,2,1,21,1,0,43,29,51,2,1,1,17,0,0,25,25,0,<1,7,47,47,0,12,0,11,<1,2,15,18,2,35,3,10,2,0,8,0,4,33,1
2021-11-14,18,24,5,1,31,<1,8,55,11,2,1,1,17,10,0,0,1,1,1,0,19,0,0,3,0,10,12,9,28,53,12,42,32,0,2,2,1,51,0,35,1,2,66,0,43,46,46,7,0,0,15,2,3,30,1,0,40,27,49,2,<1,1,31,0,0,25,25,0,<1,8,46,46,0,0,1,12,0,2,13,40,2,37,3,11,1,0,8,0,5,22,1
2021-11-21,18,26,5,1,38,<1,8,55,9,2,1,1,23,7,0,0,1,1,2,0,20,0,0,5,0,19,12,9,27,0,11,44,31,0,2,0,1,53,0,37,1,1,62,0,35,38,38,6,0,0,15,1,2,36,1,0,45,26,51,2,<1,1,20,0,0,25,25,0,<1,8,45,45,0,0,2,13,<1,1,18,28,2,35,4,11,1,0,8,0,4,21,1
2021-11-28,17,26,6,1,39,<1,7,54,9,2,1,1,25,7,0,0,1,2,2,0,21,0,0,3,0,11,12,9,27,0,12,46,34,0,3,2,1,50,0,32,1,1,60,0,33,38,35,5,0,0,14,2,4,32,1,0,48,24,46,2,<1,1,25,0,39,36,36,0,<1,6,44,44,0,0,0,13,<1,1,19,22,2,35,4,12,2,0,8,0,4,19,1
2021-12-05,17,29,5,1,29,<1,7,52,13,2,1,1,8,11,0,0,1,1,1,0,21,0,0,4,12,20,13,9,28,0,13,47,36,1,2,2,1,47,0,44,1,2,63,0,42,46,45,7,0,0,16,1,13,37,1,0,54,26,45,2,<1,1,40,0,0,22,22,0,<1,7,44,44,0,0,0,12,0,0,15,22,2,38,4,13,1,0,8,0,4,22,0
2021-12-12,16,27,6,1,36,<1,6,49,11,1,1,1,16,9,0,0,1,2,2,0,23,0,0,4,18,21,12,8,27,36,11,45,31,0,4,2,1,38,0,38,1,0,60,60,42,47,46,8,1,1,17,0,3,51,1,0,81,24,41,1,<1,2,48,0,0,21,21,0,<1,7,41,41,0,0,2,10,0,1,14,10,2,34,4,14,1,0,7,0,4,19,1
2021-12-19,14,18,6,1,16,<1,6,38,5,1,1,0,12,4,0,0,1,1,1,0,35,0,0,2,0,0,6,6,21,0,8,37,24,0,3,2,<1,34,0,30,1,0,54,0,26,27,28,4,0,0,11,1,2,13,<1,0,23,19,41,2,<1,<1,10,11,0,19,19,0,<1,8,39,39,0,0,0,9,0,1,19,0,2,32,3,17,1,0,6,0,3,20,1
2021-12-26,17,18,6,<1,15,<1,7,33,4,1,1,1,9,3,0,0,0,1,0,0,19,0,0,0,0,11,6,6,18,0,6,34,25,0,0,2,1,35,0,41,1,0,47,0,22,23,23,3,0,0,8,1,1,0,<1,0,12,23,45,2,<1,0,0,0,0,20,20,0,<1,11,49,49,0,0,0,11,0,0,17,0,2,32,3,17,1,0,7,0,3,23,1
2022-01-02,21,25,4,1,18,<1,8,52,8,1,2,1,15,6,0,0,1,1,1,0,17,0,0,1,0,0,9,8,32,0,11,41,34,0,3,4,1,54,0,48,1,2,60,0,32,34,34,5,0,0,17,2,2,14,1,0,16,33,49,2,<1,0,0,0,0,20,20,0,<1,12,55,55,0,17,1,11,0,0,15,14,2,34,5,20,1,0,10,0,5,23,1
2022-01-09,19,29,4,1,24,<1,8,58,19,2,2,1,19,14,0,0,1,1,1,0,15,0,0,3,13,17,12,9,32,0,14,38,41,0,2,3,1,57,0,49,1,1,68,0,46,49,49,8,0,0,20,1,2,26,1,0,27,36,52,2,<1,1,17,0,0,26,26,0,<1,9,53,53,0,0,2,11,0,0,14,16,2,36,4,16,1,0,10,0,4,29,1
2022-01-16,20,34,4,1,32,<1,7,61,17,2,1,2,24,11,0,0,1,<1,1,0,13,0,0,4,15,23,12,10,32,38,14,38,51,0,4,2,1,54,0,46,1,1,65,41,57,61,61,10,1,<1,27,2,2,21,1,0,19,39,51,2,<1,1,23,0,0,22,22,0,<1,9,49,49,0,0,2,10,<1,2,24,30,2,36,4,14,2,0,9,0,5,31,1
2022-01-23,19,61,4,1,38,1,8,61,13,2,2,1,16,11,0,1,1,1,2,0,15,0,0,5,13,17,15,11,30,0,16,42,56,0,3,0,2,58,0,55,1,1,70,76,54,59,58,9,<1,<1,48,2,3,39,1,0,25,41,49,1,<1,1,34,0,0,27,27,0,1,11,54,54,0,0,4,9,0,2,28,27,2,36,4,14,2,0,9,2,5,35,2
2022-01-30,20,32,4,1,47,<1,8,66,12,2,1,1,16,10,0,0,1,1,1,0,15,0,0,4,16,16,14,10,32,0,18,42,51,0,5,0,2,57,0,52,1,2,68,43,39,43,42,7,0,0,24,2,2,15,<1,0,23,38,48,2,<1,1,25,0,0,31,31,0,1,9,55,55,0,0,3,10,0,1,16,27,2,33,4,14,2,0,9,2,5,30,2
2022-02-06,22,28,5,1,54,<1,9,65,25,2,1,1,16,21,0,0,1,2,2,0,16,0,0,6,18,16,16,12,34,0,19,41,56,0,5,3,3,57,0,59,1,1,72,47,56,61,60,10,0,0,25,2,4,38,1,0,48,38,51,2,<1,1,31,0,45,35,35,0,1,11,55,55,0,0,3,10,1,1,14,22,2,33,4,14,2,0,10,0,6,29,2
2022-02-13,20,32,4,1,54,<1,10,65,16,2,2,2,26,13,0,2,1,1,2,0,15,0,0,7,15,24,16,14,31,42,18,39,69,0,4,1,3,57,1,62,1,2,88,50,60,65,64,11,1,1,26,2,2,36,1,0,44,39,49,2,1,1,33,0,0,34,34,0,1,8,54,54,0,0,3,10,0,3,17,11,2,36,4,13,3,0,9,1,6,36,2
2022-02-20,21,31,4,1,67,<1,10,66,11,2,1,1,23,9,0,0,1,2,2,0,17,0,8,3,16,18,19,15,32,64,15,43,81,0,6,3,2,57,0,89,1,0,76,61,44,49,48,8,1,1,24,2,2,28,1,0,27,39,58,2,1,1,23,0,0,41,41,0,1,10,62,62,0,0,3,10,0,3,33,20,2,39,4,12,2,0,9,0,5,94,2
2022-02-27,23,73,4,1,57,1,11,68,13,2,2,1,19,10,0,0,1,2,3,0,15,0,0,5,18,24,23,21,35,85,17,56,100,0,6,2,7,66,0,65,1,4,77,83,49,54,52,8,1,1,66,2,3,37,1,0,56,50,66,3,1,1,41,0,0,71,71,0,1,11,62,62,0,0,5,11,<1,5,25,9,2,38,4,14,2,0,10,0,6,100,2
2022-03-06,22,34,4,1,60,1,11,76,18,3,2,1,20,16,0,0,<1,1,1,0,15,0,0,7,12,25,24,21,35,66,16,54,67,0,6,5,10,66,2,64,1,3,72,38,58,65,62,9,1,1,25,2,4,32,1,0,88,41,74,2,1,1,30,10,0,100,100,0,1,10,61,61,0,10,19,10,1,10,21,9,2,37,4,13,2,0,10,0,5,75,1
2022-03-13,22,37,5,1,47,1,10,67,11,2,2,1,17,10,38,0,2,1,3,0,16,0,0,5,12,28,17,17,31,35,15,51,60,0,5,4,3,65,3,60,1,2,70,88,56,62,60,9,1,1,32,2,3,54,1,0,97,39,59,3,1,2,42,0,0,56,56,0,1,12,58,58,0,0,5,10,0,5,17,9,2,41,4,12,2,0,13,0,5,57,1
2022-03-20,21,35,5,1,46,1,10,74,12,2,2,1,25,9,0,0,1,2,1,<1,15,0,0,5,0,21,19,16,34,0,16,55,66,0,10,2,2,65,2,73,1,1,65,75,59,68,63,9,1,1,27,2,2,65,2,0,97,42,57,3,1,2,56,0,0,41,41,0,1,9,62,62,0,10,2,10,<1,3,15,15,2,39,4,12,2,0,10,0,5,55,2
2022-03-27,23,38,5,2,43,1,10,66,10,2,1,1,21,8,0,0,1,2,2,0,16,0,0,4,15,33,19,16,32,62,16,53,56,0,5,3,2,59,0,70,2,2,65,58,49,54,53,8,1,1,28,2,4,54,1,0,95,42,53,1,1,2,54,0,47,45,45,0,1,10,59,59,0,10,3,10,<1,4,12,0,2,42,4,11,2,0,11,0,5,46,2
2022-04-03,22,40,4,2,63,1,10,69,11,2,2,2,10,10,0,0,1,1,2,0,15,0,0,7,16,35,22,16,34,71,17,53,63,0,36,2,2,63,1,78,1,2,69,58,47,54,50,8,1,1,30,2,2,79,1,0,78,44,51,2,1,2,55,0,0,36,36,35,1,10,57,57,0,0,2,11,<1,4,13,11,2,42,5,12,3,0,11,0,6,46,1
2022-04-10,22,70,5,2,46,1,10,64,18,2,2,2,25,16,0,0,1,1,1,0,25,0,0,4,14,16,17,14,33,61,14,48,51,0,9,3,1,59,0,69,1,2,63,93,60,66,65,10,1,1,61,1,2,75,1,0,64,53,55,2,1,2,51,0,0,34,34,83,1,11,54,54,0,9,2,10,<1,5,14,19,2,45,4,10,2,0,10,1,5,44,2
2022-04-17,22,43,5,2,53,1,10,68,14,2,1,1,19,11,0,0,1,2,2,0,20,0,7,6,17,40,19,16,35,74,17,53,60,0,9,3,2,61,2,70,1,1,72,80,69,80,74,13,2,2,36,2,2,93,2,0,100,46,51,3,1,2,67,0,0,36,36,35,1,11,57,57,0,0,2,11,<1,3,15,14,2,40,4,11,2,0,10,1,5,42,1
2022-04-24,22,41,4,1,32,<1,10,69,10,2,1,1,18,8,0,0,1,1,2,0,16,0,0,5,11,16,17,14,34,82,13,57,54,0,7,1,2,67,0,62,1,1,67,68,43,48,46,7,1,1,29,2,4,38,1,0,62,42,56,2,1,1,37,0,0,37,37,0,2,9,58,58,0,0,3,9,<1,5,18,10,2,44,3,9,2,0,10,0,5,41,1
2022-05-01,21,37,5,1,36,<1,10,70,10,2,1,1,7,8,0,0,<1,1,1,0,19,0,0,3,9,13,15,14,35,37,13,52,43,0,4,3,3,70,2,76,2,2,68,32,46,50,49,7,0,0,33,1,5,22,<1,0,27,41,57,2,1,1,19,0,0,46,46,0,2,8,60,60,8,11,4,10,<1,19,19,14,2,41,4,10,2,0,12,0,5,40,1
2022-05-08,22,35,5,1,42,<1,10,69,27,2,1,1,20,25,0,1,1,1,2,0,17,0,0,3,16,23,15,15,32,45,13,48,43,0,2,3,4,68,0,70,1,2,68,0,62,69,67,11,<1,<1,25,2,7,38,<1,0,21,38,54,2,1,1,24,0,0,50,50,37,2,11,56,56,0,0,5,10,1,7,23,14,2,43,3,8,2,0,10,1,5,37,1
2022-05-15,20,30,4,1,44,<1,10,66,12,2,1,1,20,10,0,1,2,1,3,0,18,0,13,4,0,13,14,14,31,44,12,47,41,0,3,0,5,63,0,87,2,2,66,45,59,63,64,8,0,0,23,2,4,24,<1,0,20,34,52,2,1,1,23,0,0,58,58,0,3,8,56,56,0,0,5,9,<1,7,18,8,2,40,3,9,2,0,10,0,4,40,1
2022-05-22,18,29,5,1,40,<1,9,61,10,2,1,1,20,8,0,0,1,2,2,0,23,0,0,4,8,10,14,13,27,0,12,43,39,0,0,3,2,59,0,81,1,2,65,34,42,45,45,6,0,0,24,2,5,17,<1,0,17,33,51,2,1,1,15,0,0,39,39,79,2,9,58,58,9,0,2,9,<1,8,16,0,2,37,3,8,1,0,10,0,4,35,1
2022-05-29,19,79,5,1,46,1,9,68,10,2,1,1,19,8,0,0,1,2,2,0,18,0,0,4,17,23,15,14,31,46,12,49,41,0,3,3,3,63,1,68,2,1,66,74,55,61,59,8,0,0,62,2,4,22,<1,0,18,47,52,2,1,1,30,0,34,42,42,93,1,8,58,58,0,0,4,10,<1,6,14,0,2,41,3,8,2,0,12,0,4,34,1
2022-06-05,19,43,6,1,43,<1,10,72,32,2,2,1,18,30,51,0,1,1,2,0,19,0,0,3,17,13,17,15,32,50,13,53,40,0,3,3,4,68,13,71,1,1,78,43,77,82,82,15,1,<1,32,2,5,19,1,0,29,47,57,2,1,1,31,0,0,55,55,46,3,10,56,56,12,23,5,10,<1,31,13,16,2,43,3,9,2,0,11,0,5,37,1
2022-06-12,21,47,6,2,62,1,10,62,16,3,2,1,20,15,0,0,2,2,3,0,21,0,0,3,17,25,18,15,30,0,13,55,41,1,4,3,3,64,2,80,2,2,74,78,86,91,92,13,0,0,59,2,26,32,1,0,38,51,55,3,1,1,28,0,0,47,47,0,7,11,57,57,0,9,4,9,0,10,29,8,2,44,3,9,2,0,11,0,5,34,2
2022-06-19,21,42,5,1,48,<1,10,65,17,2,2,1,18,14,0,0,1,1,2,0,22,0,0,3,12,17,15,14,31,0,13,54,37,1,2,4,2,67,0,87,1,1,76,65,93,100,100,20,<1,<1,36,2,9,34,1,0,37,43,56,2,1,1,33,0,0,45,45,44,4,7,58,58,0,10,2,10,1,7,18,9,2,42,4,9,2,0,10,0,4,31,1
2022-06-26,19,35,6,1,21,<1,10,60,10,2,1,1,0,8,0,0,1,1,1,0,29,0,0,1,9,18,9,11,27,0,11,50,39,0,2,3,2,65,0,66,1,1,63,0,46,51,49,7,0,0,25,1,8,22,<1,0,18,32,52,2,1,1,20,0,0,48,48,0,2,9,63,63,0,17,2,10,<1,4,13,0,2,41,3,10,1,0,10,0,4,29,1
2022-07-03,19,45,6,1,26,<1,10,76,11,2,1,1,18,10,0,0,1,2,2,0,21,0,0,2,10,0,14,12,31,0,11,55,35,0,1,3,2,67,2,73,1,1,74,63,48,54,51,8,0,0,34,1,7,28,1,0,34,34,55,2,1,1,20,0,0,51,51,0,5,13,60,60,0,12,0,10,<1,3,13,20,2,34,4,11,2,0,10,0,4,30,1
2022-07-10,19,98,5,2,30,1,10,78,32,2,1,1,25,30,0,0,1,1,1,0,20,0,0,2,0,9,14,12,32,0,12,59,38,0,2,3,1,63,2,81,1,1,70,75,81,88,86,15,0,0,97,1,7,14,1,0,28,63,53,2,1,1,35,0,0,44,44,41,4,11,59,59,0,0,0,10,0,3,12,11,2,40,4,10,1,0,10,0,4,28,1
2022-07-17,22,39,5,1,29,<1,10,75,15,2,1,2,18,12,0,0,1,1,2,0,20,0,0,3,12,17,13,12,32,46,12,55,39,0,3,3,2,66,0,70,1,0,72,0,70,75,75,14,0,0,38,2,7,18,1,0,27,46,53,2,1,1,30,0,0,43,43,0,2,13,62,62,0,0,1,11,1,3,13,10,2,36,3,10,1,0,9,0,4,28,1
2022-07-24,20,39,5,2,30,<1,10,57,10,2,1,1,14,9,0,0,1,1,2,0,20,0,0,3,0,22,14,12,30,48,12,57,51,0,2,2,2,60,0,86,1,0,70,0,51,56,54,8,0,0,40,1,24,20,1,0,34,38,53,2,<1,1,24,0,0,43,43,0,4,12,63,63,0,10,0,10,<1,4,13,11,2,38,3,11,1,0,9,0,5,29,1
2022-07-31,20,36,6,1,32,<1,10,58,11,2,1,1,12,9,0,0,0,1,0,0,22,0,0,2,12,9,12,11,28,0,11,55,38,0,3,2,1,61,0,80,1,1,70,43,47,49,50,7,0,0,30,2,26,26,1,0,27,38,51,3,1,1,19,0,0,46,46,0,2,9,62,62,0,0,0,11,<1,2,13,8,2,39,4,11,2,0,9,0,4,31,1
2022-08-07,22,35,5,1,29,<1,10,59,32,2,1,1,18,31,0,0,1,1,2,0,19,0,0,1,9,0,13,12,28,0,12,53,33,1,7,2,1,65,0,86,1,1,67,0,69,73,74,10,0,0,28,2,19,28,1,0,32,35,51,3,1,1,16,0,0,42,42,0,2,10,61,61,11,0,1,11,<1,3,12,11,2,42,3,11,1,0,9,0,5,29,1
2022-08-14,20,37,6,1,30,<1,10,62,15,2,1,1,11,12,0,0,1,1,1,0,22,0,0,2,0,12,11,11,30,0,12,50,32,0,2,2,1,64,0,65,1,0,68,0,55,60,59,9,0,0,27,2,11,30,1,0,27,31,51,2,<1,1,21,0,0,45,45,0,2,10,62,62,0,0,0,11,<1,1,12,11,2,40,3,9,1,0,10,0,5,30,1
2022-08-21,20,39,5,1,33,<1,10,59,10,2,1,1,13,9,0,0,1,1,1,0,21,0,0,2,0,9,9,10,28,0,11,53,32,0,3,3,1,62,0,70,1,0,70,0,46,51,49,7,1,<1,30,1,9,16,1,0,30,33,54,2,1,1,15,0,0,39,39,0,1,10,60,60,0,0,1,11,<1,1,12,0,2,43,3,10,1,0,10,1,5,29,1
2022-08-28,20,41,5,1,26,<1,10,57,10,2,1,<1,13,7,0,0,1,1,1,0,22,0,0,2,0,0,10,11,28,0,10,55,31,0,3,3,1,65,0,76,1,0,69,40,43,48,46,7,0,0,34,2,6,16,1,0,0,33,51,2,1,1,16,17,0,40,40,39,1,8,60,60,0,0,0,11,0,0,12,9,2,41,3,9,1,0,9,0,4,29,1
2022-09-04,19,86,5,1,23,1,9,52,14,2,1,0,0,11,0,0,1,2,2,0,28,0,0,1,0,0,13,11,29,0,13,51,36,0,2,2,1,65,2,67,1,0,75,93,49,53,53,9,0,0,76,1,5,21,1,0,13,49,50,2,<1,1,39,0,0,35,35,73,1,9,54,54,0,0,0,10,<1,1,11,0,2,41,3,9,2,0,10,0,4,30,1
2022-09-11,19,42,4,1,37,1,9,59,38,2,1,1,19,36,0,0,2,2,3,0,21,0,8,4,13,15,19,13,31,42,15,50,43,0,4,0,1,67,2,74,1,1,83,44,72,78,77,12,0,0,38,1,14,26,1,0,29,39,51,2,<1,1,31,0,0,31,31,0,2,9,54,54,0,0,2,10,<1,2,14,0,2,44,3,9,1,0,10,0,5,37,1
2022-09-18,20,41,5,2,32,1,9,61,20,2,1,<1,13,17,0,0,1,2,2,0,18,0,0,5,15,21,19,13,31,56,15,57,46,0,2,3,2,61,0,51,1,1,75,63,66,73,71,13,<1,<1,51,2,5,32,1,0,32,35,51,3,<1,1,27,0,0,32,32,0,2,10,47,47,12,15,2,8,<1,2,15,11,2,40,3,9,2,0,10,0,5,35,2
2022-09-25,21,41,4,2,68,<1,9,60,15,2,1,1,13,12,0,3,1,2,3,0,18,0,0,5,13,18,17,14,30,0,15,68,57,0,3,4,3,60,0,62,1,1,78,48,55,60,59,8,0,0,35,2,7,22,1,0,30,33,49,3,<1,1,24,0,0,39,39,33,3,8,50,50,0,0,3,9,<1,2,16,0,2,38,4,9,2,0,12,0,5,37,2
2022-10-02,18,42,5,2,64,<1,9,56,16,2,2,1,20,14,0,2,1,1,1,0,20,0,0,5,12,22,21,13,31,39,15,63,49,0,4,3,2,63,0,67,1,1,72,49,55,62,59,9,0,0,38,2,7,41,1,0,19,33,54,2,1,1,33,0,0,40,40,0,3,11,48,48,0,10,2,10,1,1,14,8,2,42,4,10,3,0,13,0,6,38,1
2022-10-09,20,38,5,1,37,<1,9,54,42,2,1,1,15,38,0,0,2,2,3,0,22,0,9,5,19,20,19,15,28,0,13,56,44,0,5,3,2,62,0,57,1,1,75,60,70,76,75,11,0,0,37,2,7,24,1,0,41,35,53,2,1,1,20,0,0,40,40,0,5,8,46,46,0,0,2,10,1,3,16,0,2,36,3,8,2,0,11,0,5,39,2
2022-10-16,19,46,5,2,46,<1,9,59,22,2,2,1,25,17,38,0,1,2,2,0,18,0,0,5,22,24,22,15,30,36,15,60,52,0,3,3,2,64,1,59,1,2,69,84,69,76,74,14,1,<1,47,2,9,29,1,0,34,38,53,2,<1,1,36,0,0,35,35,0,4,9,45,45,0,9,1,10,<1,3,12,0,2,44,4,9,2,0,10,0,5,37,1
2022-10-23,18,91,5,1,40,1,9,61,13,2,1,1,16,10,0,0,1,1,2,<1,23,0,0,5,18,32,22,14,29,0,14,59,49,0,4,3,1,58,0,60,1,1,69,68,58,65,62,10,1,<1,85,2,7,38,1,0,22,45,51,2,<1,2,50,0,0,32,32,0,4,9,44,44,0,9,2,11,<1,3,14,7,2,42,3,9,2,0,9,0,5,39,2
2022-10-30,18,39,6,1,38,1,9,60,16,2,2,1,19,13,0,0,1,1,2,0,20,0,0,4,12,26,23,14,30,53,14,57,46,0,4,3,1,60,2,54,1,2,82,44,56,63,60,10,1,<1,47,2,26,33,1,0,49,34,53,2,<1,1,22,12,0,35,35,0,4,9,45,45,0,0,2,11,<1,2,12,0,2,33,4,10,2,0,10,2,6,46,2
2022-11-06,18,34,5,1,49,<1,9,58,37,2,2,1,25,34,0,0,1,2,2,0,20,0,0,3,17,21,19,13,29,0,13,58,38,0,4,3,2,59,0,54,1,0,68,0,70,76,75,10,1,<1,31,2,49,34,1,0,37,29,51,3,<1,1,31,0,0,36,36,0,2,10,42,42,0,10,1,10,1,2,16,15,2,36,3,9,2,0,9,0,5,72,2
2022-11-13,20,37,5,1,36,<1,9,55,19,2,3,2,20,16,0,1,1,2,2,0,17,0,0,3,14,23,20,13,29,30,14,56,44,0,4,3,1,57,0,40,1,1,66,63,59,66,63,11,0,0,31,2,44,41,1,0,43,28,54,2,<1,1,27,0,0,36,36,0,2,9,42,42,0,0,2,11,<1,2,14,12,2,40,3,10,2,0,9,0,5,59,2
2022-11-20,19,37,5,1,44,<1,9,52,13,2,3,1,15,10,0,0,1,1,2,0,17,0,0,5,12,16,18,12,28,0,13,50,49,0,5,3,1,52,0,45,1,1,71,33,55,62,59,8,1,<1,31,2,17,44,1,0,57,28,51,2,<1,1,34,0,0,31,31,41,2,8,39,39,0,0,0,12,<1,2,12,13,2,41,3,10,1,0,8,1,4,47,2
2022-11-27,18,41,5,1,48,1,9,54,14,2,2,1,20,10,0,0,1,1,2,0,19,0,0,5,14,28,19,13,29,45,14,53,54,0,4,3,1,53,0,45,1,0,66,56,62,67,66,8,1,<1,33,2,23,54,1,0,69,29,50,3,<1,2,54,0,31,30,30,0,2,9,42,42,0,11,1,12,1,2,11,11,2,38,4,10,2,0,8,0,5,42,1
2022-12-04,18,85,5,2,47,1,8,53,18,2,2,2,30,14,0,0,1,2,1,0,21,0,0,4,23,29,20,12,28,41,14,53,51,0,3,5,1,53,2,49,1,1,68,43,71,79,76,12,<1,<1,73,2,17,67,2,0,65,39,54,2,1,2,68,0,0,34,34,0,2,10,44,44,0,0,2,11,<1,2,11,14,2,38,4,11,2,0,8,0,4,43,1
2022-12-11,17,35,5,1,38,<1,8,53,36,2,2,2,24,31,0,0,1,1,2,0,22,0,0,5,13,22,18,11,28,35,13,54,46,0,5,4,1,50,12,40,1,1,74,62,63,66,67,11,1,1,39,2,9,59,1,0,62,32,50,3,<1,2,53,0,0,31,31,0,2,9,47,47,9,10,1,12,1,2,12,9,2,40,4,11,2,0,8,0,4,41,1
2022-12-18,16,29,5,1,36,<1,9,40,15,1,2,2,28,12,0,0,1,1,1,0,32,0,0,3,0,0,13,9,22,0,9,48,42,0,2,3,1,43,2,31,1,1,63,38,50,53,54,8,0,0,22,1,5,18,1,0,12,24,49,2,<1,1,15,0,0,27,27,0,1,9,40,40,0,0,0,10,0,3,12,0,2,36,3,12,1,0,7,0,3,40,2
2022-12-25,18,23,5,1,14,<1,10,34,6,2,2,1,13,5,0,0,1,1,2,0,23,0,0,1,0,0,7,8,17,0,6,45,32,0,0,0,1,43,0,67,1,0,56,0,36,39,39,5,0,0,20,1,2,13,<1,0,0,25,51,3,1,<1,13,0,0,29,29,0,1,11,44,44,0,0,0,11,0,1,14,0,2,39,2,11,1,0,7,0,3,43,1
2023-01-01,19,38,4,1,28,<1,10,46,11,2,2,1,16,9,0,0,1,1,2,0,18,0,0,2,11,14,11,10,31,0,10,50,38,0,2,3,1,68,0,47,1,0,70,0,43,49,46,7,0,0,33,2,20,13,<1,0,19,30,51,2,<1,1,20,0,0,33,33,0,2,11,52,52,0,0,0,10,0,0,13,0,2,35,3,13,2,0,9,1,4,40,1
2023-01-08,22,41,4,1,44,<1,10,58,39,2,2,1,19,36,0,0,0,1,0,0,16,0,0,4,16,16,17,13,34,61,13,56,48,0,3,3,1,71,1,63,1,1,79,88,66,70,71,11,0,0,36,2,18,30,1,0,22,37,51,4,1,1,25,0,0,28,28,0,2,11,52,52,0,0,0,10,<1,1,12,0,2,38,4,13,2,0,9,0,5,39,2
2023-01-15,22,46,5,1,64,<1,11,61,21,2,2,1,18,17,0,0,2,2,3,1,16,0,0,5,14,18,22,14,33,0,16,53,64,0,2,5,1,68,0,37,1,1,86,0,71,77,76,12,1,<1,42,2,52,22,1,0,24,41,51,3,<1,1,25,0,0,31,31,0,2,11,51,51,0,0,2,10,<1,0,15,0,2,42,4,12,2,0,10,0,5,39,2
2023-01-22,22,81,5,2,63,1,10,61,17,2,2,1,26,14,0,0,1,2,2,0,16,0,11,6,17,24,21,14,35,46,16,52,67,0,1,4,1,73,0,56,1,2,87,43,62,67,66,10,1,1,74,2,48,20,1,0,18,45,50,3,<1,1,36,0,0,31,31,0,2,8,50,50,0,0,1,10,0,1,13,8,2,43,4,12,2,0,9,1,5,40,1
2023-01-29,21,36,4,1,44,1,10,63,16,2,2,1,21,13,0,2,1,1,2,<1,16,0,0,6,19,28,21,14,32,0,17,54,64,0,4,5,1,74,0,66,1,1,76,49,62,67,66,12,<1,<1,43,2,27,37,1,0,42,42,51,3,<1,1,26,0,0,31,31,41,2,10,54,54,0,0,2,12,<1,1,13,11,2,39,4,12,3,0,10,0,5,38,2
2023-02-05,19,35,5,2,40,<1,10,64,19,2,2,2,28,16,0,0,1,2,3,1,16,0,0,8,25,26,20,13,35,39,17,51,64,0,5,4,2,65,0,49,1,1,78,0,54,59,58,10,0,0,34,2,28,28,1,0,28,38,51,3,<1,1,27,0,0,30,30,0,1,11,48,48,0,0,2,10,0,1,12,0,2,36,4,12,2,0,10,0,5,39,2
2023-02-12,21,40,4,2,50,<1,10,64,36,2,1,2,26,31,0,0,1,1,2,0,18,0,0,5,24,17,19,13,33,0,16,48,49,0,5,3,1,65,0,44,1,1,77,57,62,66,66,10,1,1,36,2,16,28,1,0,42,34,50,3,<1,1,25,0,0,28,28,0,1,11,46,46,0,0,2,9,<1,0,11,10,2,39,4,11,2,0,8,0,5,37,2
2023-02-19,19,37,5,2,39,<1,10,65,18,2,2,1,16,15,0,0,1,1,2,0,18,7,0,5,25,15,18,12,33,0,13,52,47,0,4,4,1,70,0,42,1,1,75,0,60,65,64,11,0,0,35,2,12,36,1,0,19,36,49,3,<1,1,29,0,0,29,29,0,1,12,52,52,0,0,1,9,1,1,14,0,2,39,3,10,1,0,10,0,5,41,2
2023-02-26,21,42,5,2,38,<1,10,65,13,2,2,1,15,11,0,2,<1,1,1,0,16,0,0,4,9,21,18,13,33,42,15,52,49,0,9,4,1,70,0,44,1,1,76,0,47,51,50,8,1,1,36,2,12,24,1,0,44,36,49,3,<1,1,17,0,0,27,27,0,1,10,54,54,0,0,1,9,0,2,10,9,2,39,3,11,2,0,10,2,5,36,2
2023-03-05,21,75,4,2,54,1,10,67,17,2,2,1,14,14,0,0,1,2,1,0,16,0,0,4,17,24,20,14,36,47,17,61,51,0,5,5,1,74,0,46,1,1,82,41,50,56,54,10,1,1,67,2,14,27,1,0,66,41,51,3,1,2,42,0,0,29,29,0,1,11,52,52,12,0,2,9,<1,2,12,10,2,41,4,13,3,0,10,1,6,34,1
2023-03-12,22,42,5,4,43,1,10,70,27,2,1,2,21,25,0,0,1,2,2,0,17,0,0,4,9,30,20,13,36,53,14,65,44,0,7,3,1,71,2,40,1,1,76,62,52,56,55,10,0,0,39,2,14,26,1,0,59,41,50,3,<1,1,37,0,0,30,30,0,2,10,56,56,12,12,1,8,<1,1,17,8,2,42,3,11,2,0,10,1,5,34,2
2023-03-19,21,42,4,2,55,1,10,68,19,2,2,1,19,15,0,0,1,1,2,0,17,0,0,5,20,20,20,14,33,46,15,60,48,0,11,4,1,75,0,39,1,2,71,69,59,65,63,13,1,1,50,2,22,51,1,0,78,42,52,3,<1,2,54,0,0,29,29,0,2,11,53,53,0,0,2,10,1,3,13,9,2,40,4,11,2,0,18,0,6,35,1
2023-03-26,21,39,5,2,44,1,10,69,13,2,2,2,17,11,0,0,1,1,2,0,18,0,0,5,10,23,21,14,35,33,14,64,59,0,23,2,1,73,2,33,1,2,91,55,50,56,54,8,1,1,33,2,15,49,1,0,80,41,51,2,<1,2,42,0,0,31,31,0,1,10,56,56,0,14,2,9,<1,2,11,13,2,43,4,11,2,0,19,0,5,34,1
2023-04-02,21,38,5,2,44,<1,10,62,10,2,2,1,20,8,0,0,1,1,1,0,28,0,0,3,13,23,20,12,31,53,13,60,47,0,7,4,1,69,1,41,1,1,65,35,43,48,46,8,<1,<1,33,2,18,47,1,0,55,40,56,3,1,2,50,10,0,31,31,0,1,12,52,52,0,12,1,8,<1,2,11,8,2,43,4,10,2,0,17,0,5,33,1
2023-04-09,22,54,4,2,53,<1,10,69,25,2,2,1,15,22,0,0,1,2,1,0,21,0,0,5,16,26,20,13,35,36,15,62,49,0,4,4,1,71,0,37,1,1,71,56,56,62,60,11,1,1,48,2,8,58,1,0,58,41,57,2,<1,2,52,0,0,30,30,0,1,11,53,53,0,20,2,9,<1,2,11,0,2,40,4,11,2,8,13,0,5,31,1
2023-04-16,20,36,5,1,41,<1,10,71,15,2,1,1,18,13,0,0,1,1,2,0,18,0,0,4,15,27,20,13,35,44,14,60,53,0,6,2,1,73,0,33,1,2,66,59,54,60,58,12,1,<1,31,2,14,59,1,0,68,42,55,3,1,2,51,0,35,31,31,0,1,9,53,53,0,0,2,10,<1,2,8,0,2,41,3,10,1,0,13,2,6,31,1
2023-04-23,21,37,5,1,43,<1,10,69,11,2,1,1,10,9,0,0,1,1,1,0,18,0,0,3,9,17,17,11,34,47,13,58,45,0,1,3,1,78,0,38,1,0,68,0,38,47,41,7,1,<1,31,2,19,21,1,0,43,40,54,3,<1,1,19,0,0,29,29,0,1,12,52,52,9,0,1,9,1,1,12,0,2,41,3,9,1,0,11,0,5,31,1
2023-04-30,21,36,5,1,38,<1,10,71,11,2,2,1,7,9,0,1,1,1,1,0,21,0,0,3,8,18,17,12,34,53,12,55,36,0,3,5,1,94,1,38,1,1,72,0,38,42,41,7,0,0,40,2,23,30,1,0,22,42,55,2,<1,1,17,0,0,29,29,0,1,9,55,55,9,0,0,10,0,2,10,0,2,36,3,9,1,0,11,0,5,28,1
2023-05-07,21,36,4,1,31,<1,10,73,20,2,1,1,24,18,0,0,<1,1,1,0,21,0,0,4,22,12,17,12,32,0,13,52,38,0,3,2,1,81,0,32,1,0,78,36,40,44,43,8,0,0,29,2,11,25,1,0,0,37,58,2,<1,1,16,0,0,28,28,0,1,9,52,52,0,0,0,9,<1,1,8,0,2,43,3,8,2,0,12,0,5,30,2
2023-05-14,21,37,5,1,34,<1,10,75,15,2,1,1,17,12,0,0,1,2,2,0,21,0,0,3,12,17,19,11,31,40,13,49,42,0,4,2,<1,77,2,49,1,1,69,48,49,53,53,10,0,0,28,2,10,24,1,0,20,40,52,3,1,1,20,0,0,27,27,0,1,10,53,53,0,0,1,10,0,1,9,7,2,42,3,8,2,0,11,0,4,31,1
2023-05-21,21,33,5,1,32,<1,10,65,10,2,1,1,12,8,0,2,1,1,1,0,26,0,12,5,10,0,18,11,29,43,13,48,46,0,3,4,1,76,10,30,1,0,71,0,35,37,38,6,0,0,27,2,13,21,1,0,15,39,53,2,1,1,22,0,0,29,29,0,1,8,53,53,0,0,1,10,<1,0,10,8,2,42,3,8,2,0,10,0,4,30,1
2023-05-28,22,43,4,2,43,<1,10,71,11,2,2,1,10,8,0,0,1,1,1,0,22,0,0,4,10,15,18,13,32,49,15,51,50,0,3,4,1,80,3,38,1,1,82,0,37,40,40,7,<1,<1,38,2,12,19,1,0,23,43,55,2,1,<1,13,0,0,32,32,0,1,10,55,55,0,10,2,10,<1,0,11,0,2,47,3,8,2,0,13,0,5,32,1
2023-06-04,23,97,4,2,50,1,10,75,13,2,1,1,13,11,0,0,1,1,1,0,23,0,0,4,8,14,20,13,32,0,16,54,45,0,4,2,1,82,3,40,1,1,77,58,45,48,48,9,0,0,100,3,11,28,1,0,19,55,56,3,<1,1,40,0,0,29,29,0,1,12,57,57,0,9,1,9,<1,1,10,0,2,42,3,9,2,0,11,0,5,31,2
2023-06-11,22,35,4,1,36,<1,10,75,20,2,1,1,16,18,0,0,2,2,3,0,22,0,0,3,11,12,17,12,31,0,15,54,43,0,3,2,1,75,2,46,1,1,74,67,47,50,50,8,0,0,43,2,40,20,1,0,22,46,53,2,1,1,35,0,0,29,29,0,1,12,56,56,0,0,0,9,<1,1,10,0,2,39,3,9,2,0,11,0,4,32,1
2023-06-18,21,34,5,1,28,<1,10,75,12,2,1,1,21,10,0,0,1,1,1,0,24,0,0,4,0,17,14,11,32,34,15,54,39,0,3,2,1,75,0,40,1,0,64,31,43,47,47,8,0,0,34,2,13,16,1,0,18,42,50,4,<1,1,23,0,0,29,29,0,1,11,55,55,0,0,2,9,<1,1,12,7,2,42,3,9,2,0,11,0,4,33,1
2023-06-25,23,39,5,1,25,<1,10,70,17,2,1,0,9,14,0,0,1,1,1,0,28,0,0,2,20,22,12,10,30,0,13,55,37,0,2,3,1,77,0,31,1,0,74,33,55,61,59,12,0,0,33,2,19,19,1,0,18,43,53,2,1,<1,13,0,0,32,32,0,1,10,57,57,0,0,0,11,0,0,10,0,2,43,3,9,1,0,11,0,4,29,2
2023-07-02,21,41,5,2,27,<1,11,71,9,2,2,1,16,7,0,0,1,1,1,0,28,0,0,1,0,8,11,10,32,0,12,52,36,0,1,5,1,76,2,36,1,0,71,0,42,46,45,7,0,0,42,2,19,0,1,0,14,48,54,3,1,1,23,0,0,33,33,0,1,10,62,62,0,0,0,10,0,0,11,0,2,41,4,11,2,8,11,0,4,30,1
2023-07-09,22,100,4,2,29,<1,11,79,21,2,2,1,16,19,0,0,2,3,3,<1,22,0,0,3,0,10,13,11,31,0,12,52,37,0,2,2,1,77,2,49,1,0,74,47,58,62,62,14,0,0,93,2,10,17,1,0,17,58,52,3,1,1,32,0,0,28,28,0,1,13,59,59,0,0,0,10,<1,0,9,8,2,39,3,10,2,0,11,0,4,29,1
2023-07-16,22,41,5,1,27,<1,11,76,15,2,2,1,0,13,0,0,1,2,2,0,22,0,0,3,12,0,13,11,29,0,12,52,39,0,2,4,1,73,0,41,1,1,76,0,59,62,63,14,0,0,36,2,8,16,<1,0,37,42,54,2,<1,1,24,0,0,31,31,0,1,11,57,57,0,0,1,9,<1,0,9,0,2,39,3,10,1,0,11,0,4,29,1
2023-07-23,24,37,4,1,23,<1,11,63,10,2,1,1,19,9,0,0,1,1,1,0,22,0,0,2,0,12,13,12,30,0,13,51,38,0,4,3,1,76,0,33,1,0,76,45,40,43,43,8,0,0,44,2,8,18,1,0,21,38,55,3,1,1,36,0,0,33,33,0,1,10,56,56,0,0,0,10,<1,1,9,0,2,39,3,10,1,0,10,0,4,30,2
2023-07-30,21,33,5,2,30,<1,11,58,9,2,1,1,11,8,0,0,1,1,1,0,22,0,0,2,9,0,13,11,28,0,11,53,37,0,3,3,2,71,0,40,1,0,77,53,36,40,39,7,0,0,35,2,17,34,1,0,23,36,55,3,1,1,32,0,0,34,34,0,1,10,64,64,0,0,1,10,<1,0,11,0,2,44,4,11,3,0,10,0,4,27,2
2023-08-06,23,31,5,2,43,<1,11,58,21,2,1,1,12,19,0,0,7,8,13,0,24,0,0,2,0,0,14,12,26,0,11,50,40,0,2,3,1,68,0,31,1,2,75,41,45,49,48,8,0,0,29,2,10,16,1,0,23,35,53,4,<1,1,17,0,0,33,33,0,1,10,52,52,0,0,3,9,<1,2,10,0,2,42,3,12,2,0,10,0,4,28,1
2023-08-13,24,37,5,2,42,1,11,66,17,2,2,1,20,15,0,0,2,3,3,0,22,0,0,2,10,0,15,13,31,40,11,54,38,0,4,3,1,73,2,42,1,0,80,0,59,63,64,15,0,0,35,3,7,18,1,0,24,40,55,4,<1,1,24,0,0,32,32,0,1,9,56,56,0,10,0,10,1,0,13,0,3,47,3,10,2,0,10,0,5,27,1
2023-08-20,22,38,5,2,22,<1,11,58,8,1,1,1,17,7,0,0,1,1,2,0,22,0,0,2,0,0,14,12,29,0,11,50,38,0,2,3,1,77,0,43,1,0,73,0,36,39,39,6,0,0,35,2,8,9,<1,0,17,37,53,11,1,1,22,0,0,29,29,0,1,11,56,56,0,0,0,10,1,0,10,0,2,38,3,9,1,0,10,0,4,26,1
2023-08-27,23,50,5,1,44,<1,11,61,10,2,2,1,13,8,0,0,0,1,0,0,24,0,0,2,0,0,13,12,29,0,9,52,43,0,5,2,1,85,0,40,1,0,70,71,37,39,40,7,1,<1,41,2,11,11,<1,0,11,34,54,5,1,1,30,0,0,31,31,0,1,8,58,58,0,0,1,10,1,0,10,0,3,46,3,9,2,0,10,0,4,26,2
2023-09-03,22,81,6,1,67,<1,10,54,10,2,2,1,18,9,0,0,1,1,2,0,30,0,0,2,0,11,15,12,29,0,12,47,43,0,2,3,1,86,0,58,1,1,71,37,40,44,43,7,0,0,69,2,8,19,1,0,23,37,54,5,1,1,30,0,0,27,27,36,1,8,51,51,0,0,0,9,1,1,9,0,2,40,3,9,1,0,10,1,4,26,2
2023-09-10,23,30,5,1,55,<1,10,67,19,2,2,1,0,17,0,0,1,1,1,0,22,0,0,3,14,9,21,14,32,0,16,47,46,0,4,6,1,92,2,40,1,1,80,0,44,49,47,8,<1,<1,28,3,10,20,1,0,19,31,55,4,1,1,19,0,0,26,26,0,1,9,49,49,0,0,1,9,<1,1,9,0,2,42,3,9,2,0,11,0,5,26,2
2023-09-17,22,32,5,2,54,<1,9,64,19,2,2,1,19,15,0,0,1,2,2,0,22,0,0,5,18,11,22,14,32,66,16,48,52,0,4,6,1,90,0,36,1,0,73,0,67,72,72,13,0,0,39,2,12,17,1,11,16,33,54,4,1,1,25,0,0,31,31,0,1,11,48,48,0,0,2,10,<1,2,10,0,2,41,3,9,2,0,11,0,6,29,1
2023-09-24,22,32,5,2,51,<1,10,61,13,2,1,1,19,11,0,0,1,2,3,0,21,0,0,5,8,20,21,14,33,0,15,44,54,0,3,4,1,90,0,28,1,0,73,0,39,42,42,8,0,0,33,3,10,16,1,0,21,32,55,3,<1,1,17,0,0,29,29,0,1,8,49,49,0,0,2,9,0,2,11,0,3,50,3,9,2,0,15,0,6,28,1
2023-10-01,21,37,6,3,58,<1,10,61,12,2,2,1,20,10,0,0,1,1,1,0,22,0,0,4,13,20,21,13,31,35,15,50,53,0,4,12,1,83,0,30,1,1,70,53,42,48,45,8,0,0,36,3,9,19,1,0,21,35,57,2,<1,1,23,0,0,33,33,0,1,9,47,47,0,0,0,10,0,1,13,0,2,45,4,10,3,0,18,0,6,31,2
2023-10-08,18,34,7,2,50,<1,9,57,17,2,1,<1,19,14,32,0,1,1,2,0,29,0,0,4,0,15,19,12,28,35,13,45,53,0,3,5,1,79,0,38,1,2,76,0,41,44,44,9,0,0,33,2,7,22,1,0,24,33,55,2,<1,1,17,0,0,30,30,0,1,11,43,43,0,0,0,11,0,2,11,0,2,43,3,8,1,0,11,0,4,70,1
2023-10-15,18,41,6,2,39,<1,10,64,18,2,1,2,32,15,0,0,1,1,1,0,21,0,0,5,18,24,21,13,32,38,15,46,53,0,2,3,1,85,0,30,1,1,74,54,56,61,60,12,<1,<1,38,3,28,32,1,0,21,34,55,3,<1,1,27,0,0,26,26,0,1,14,43,43,0,0,2,11,0,2,10,0,3,47,4,10,2,14,11,1,5,49,2
2023-10-22,18,66,7,2,47,<1,9,64,12,2,2,2,22,10,0,0,1,1,2,0,25,0,0,7,0,19,19,12,31,35,14,47,54,0,3,5,1,83,0,28,1,1,77,0,41,47,44,8,1,<1,57,2,14,24,1,0,39,33,56,2,1,1,27,0,0,25,25,0,1,13,42,42,16,0,0,9,<1,2,12,0,2,40,3,9,2,0,10,0,5,42,2
2023-10-29,21,33,6,2,56,<1,9,71,12,2,2,2,28,9,0,1,1,1,1,0,23,0,0,5,8,13,20,13,32,59,13,49,57,0,3,3,1,79,0,29,1,0,76,50,39,42,42,6,<1,<1,32,2,14,32,1,0,36,31,57,4,<1,1,34,0,0,25,25,0,3,12,44,44,0,0,0,9,0,2,10,0,2,43,4,11,3,0,10,0,4,42,1
2023-11-05,19,31,6,2,63,<1,9,61,14,2,2,1,17,11,56,0,1,1,1,0,21,0,0,5,18,22,22,13,33,0,12,50,46,0,5,3,1,78,2,29,1,1,74,38,41,46,44,7,0,0,33,3,12,17,1,0,47,32,59,4,<1,1,35,0,0,25,25,0,1,10,40,40,0,0,0,10,<1,0,10,0,3,47,4,10,2,0,11,0,5,43,1
2023-11-12,19,31,5,2,54,<1,9,64,24,2,2,1,16,22,0,0,2,2,3,1,20,0,0,3,16,30,27,12,31,0,13,49,45,0,5,4,1,80,0,26,1,1,76,47,49,53,53,10,0,0,31,2,12,36,1,0,40,34,57,4,1,1,35,11,0,25,25,0,1,11,41,41,0,12,0,10,0,1,11,8,2,45,4,11,2,0,11,1,6,40,2
2023-11-19,19,29,6,2,61,1,10,59,18,2,1,1,32,14,0,0,1,1,2,0,20,0,0,5,16,25,23,13,30,0,13,47,49,0,6,3,1,70,3,29,1,1,72,33,54,58,58,12,0,0,32,2,11,27,1,0,39,31,54,3,<1,1,29,0,0,24,24,0,1,13,37,37,0,11,2,12,0,1,12,0,2,43,3,10,2,8,9,0,4,34,2
2023-11-26,20,36,4,2,66,<1,10,62,13,2,2,1,22,10,0,2,1,1,2,0,22,0,18,6,17,33,21,13,30,36,15,48,57,0,3,4,1,70,1,21,1,1,71,60,42,48,45,9,1,1,31,2,14,39,1,0,41,32,54,3,<1,1,36,0,0,25,25,0,1,11,40,40,0,0,1,13,1,1,9,10,2,41,4,12,3,0,10,0,4,35,2
2023-12-03,20,58,5,2,60,<1,10,60,15,2,2,1,16,12,0,0,2,2,3,0,24,0,17,5,12,22,20,12,31,39,14,47,51,0,5,5,1,71,0,22,1,2,81,46,45,51,48,8,<1,<1,50,2,20,50,1,0,64,32,53,4,<1,1,39,0,0,28,28,30,1,28,39,39,0,14,0,10,1,1,10,0,3,46,3,11,2,0,9,0,4,35,1
2023-12-10,18,31,5,3,41,1,10,59,21,2,2,1,21,17,0,0,1,2,2,1,26,0,0,3,21,24,18,12,32,48,14,49,49,0,3,5,<1,70,2,28,1,1,82,0,45,49,48,8,0,0,32,2,11,39,1,0,43,32,52,3,<1,1,30,0,0,25,25,0,1,15,39,39,0,0,1,11,<1,1,11,0,2,42,3,11,2,0,9,0,5,39,1
2023-12-17,19,31,6,2,46,<1,10,49,13,2,2,1,14,10,0,0,1,1,1,0,35,0,0,2,13,24,15,11,28,0,11,50,45,0,3,4,1,64,0,24,1,0,80,0,47,50,51,12,0,0,26,2,6,24,1,0,24,30,54,4,<1,1,22,0,0,25,25,0,1,49,39,39,0,0,0,10,1,0,12,0,2,45,3,13,1,0,9,0,4,37,1
2023-12-24,20,24,5,1,24,<1,10,34,5,2,1,1,13,4,0,0,1,1,2,0,33,0,0,1,0,0,10,9,18,0,7,43,38,0,0,3,1,56,0,22,1,0,62,0,27,28,29,4,0,0,22,2,5,9,<1,0,14,26,50,3,1,0,0,0,0,24,24,0,1,25,38,38,0,0,0,10,0,0,12,0,2,40,2,10,1,0,7,0,3,38,1
2023-12-31,20,33,4,2,25,<1,11,39,10,2,2,1,13,7,0,0,1,1,2,0,24,8,0,1,0,16,11,10,30,0,10,45,39,0,3,4,1,81,0,22,1,1,71,0,32,35,35,6,0,0,31,2,4,14,<1,0,14,36,51,5,1,1,14,0,0,27,27,0,1,41,46,46,0,13,0,10,1,1,10,0,2,43,3,13,2,0,10,0,4,36,2
2024-01-07,22,35,4,1,33,<1,12,57,21,2,2,2,27,17,40,1,1,1,2,0,17,0,0,5,12,12,17,12,35,36,13,44,48,0,3,3,1,85,2,22,1,1,80,0,44,49,47,8,0,0,31,2,18,26,<1,0,16,34,55,4,<1,1,22,0,0,24,24,0,1,39,45,45,0,0,1,9,0,0,10,0,2,39,3,13,2,0,11,0,4,38,2
2024-01-14,21,37,4,2,54,<1,11,58,22,2,2,2,33,16,0,0,1,2,2,0,17,0,0,3,25,15,18,13,34,0,15,46,62,0,5,4,1,81,0,24,1,2,85,0,63,67,68,16,0,0,34,2,18,29,1,0,11,36,54,5,<1,1,15,0,0,23,23,0,1,38,44,44,0,0,0,9,<1,1,13,0,2,41,4,12,2,0,10,2,5,37,1
2024-01-21,20,60,4,2,53,<1,11,64,14,2,2,1,17,12,35,0,<1,2,1,0,16,0,0,5,10,18,17,14,35,0,16,43,63,0,2,3,1,85,2,21,1,0,96,60,43,48,46,8,0,0,52,3,22,34,1,0,18,37,56,5,1,1,34,0,0,22,22,0,1,25,45,45,0,0,1,9,<1,1,11,0,2,44,4,13,2,0,10,0,5,35,1
2024-01-28,20,35,4,2,38,<1,11,65,17,2,2,1,20,13,0,0,1,2,2,0,18,0,0,5,14,20,17,13,36,0,15,44,64,0,3,6,1,85,1,21,1,0,83,72,43,46,46,9,<1,<1,35,3,23,26,1,0,13,37,53,5,<1,1,29,0,0,22,22,0,1,24,48,48,0,0,0,10,1,0,11,0,2,43,4,12,2,0,11,0,5,33,1
2024-02-04,20,33,4,2,60,<1,10,71,16,2,2,1,25,15,0,0,1,2,1,0,18,0,0,6,12,21,17,13,37,0,17,43,63,0,6,6,1,89,0,25,1,0,82,0,39,43,42,7,0,0,31,3,61,36,1,0,32,37,54,4,<1,1,31,0,0,23,23,0,1,19,46,46,11,13,0,9,1,0,11,0,2,45,4,11,3,0,10,0,5,32,2
2024-02-11,20,32,4,2,41,<1,11,67,28,2,2,1,20,25,0,2,1,1,1,0,19,0,10,5,0,23,18,13,35,75,16,40,67,0,6,4,1,89,0,21,1,1,79,0,45,48,48,8,1,<1,30,3,28,19,1,0,17,33,51,4,<1,1,26,0,0,23,23,55,1,15,44,44,0,11,0,9,1,0,13,0,2,45,4,11,2,0,10,0,5,31,2
2024-02-18,20,34,5,2,49,<1,10,66,20,2,2,1,20,17,0,0,1,2,2,0,25,0,0,5,12,20,17,13,34,0,14,41,53,0,6,4,1,91,1,24,1,1,77,0,53,59,57,11,1,1,33,3,14,23,1,0,19,37,52,5,<1,1,22,0,0,23,23,0,1,17,47,47,0,0,1,9,<1,1,13,0,3,47,3,10,2,0,10,0,5,34,2
2024-02-25,22,39,4,2,48,<1,10,70,15,2,2,1,10,13,0,0,1,2,2,0,17,0,0,5,19,21,17,13,37,52,16,43,67,0,6,4,1,87,2,24,1,1,79,0,43,46,46,8,<1,<1,36,3,18,19,1,0,28,36,52,3,<1,1,24,0,0,23,23,0,1,18,49,49,10,0,0,9,<1,1,11,0,3,47,4,11,2,0,12,0,5,34,2
2024-03-03,22,72,4,2,43,1,10,68,12,2,2,2,23,11,0,0,1,1,1,0,17,0,0,4,18,20,19,13,37,37,15,47,54,0,7,4,1,89,0,24,1,1,82,59,41,46,43,8,1,1,50,3,13,26,1,0,37,40,54,4,<1,1,34,0,0,24,24,0,1,23,48,48,0,0,1,9,1,1,11,8,2,40,4,11,3,0,11,0,5,32,2
2024-03-10,22,35,4,2,42,<1,10,73,22,2,2,1,11,20,5,<1,<1,1,1,<1,19,0,2,5,6,23,17,13,37,67,14,45,52,<1,6,4,1,93,1,22,1,1,76,20,46,50,50,9,<1,<1,31,3,9,27,1,<1,48,40,54,5,<1,1,31,1,4,25,25,3,1,14,45,45,2,3,1,9,<1,1,11,2,2,42,4,11,2,0,13,<1,5,31,2
2024-03-17,23,38,4,2,49,<1,10,71,16,2,2,1,22,14,13,1,1,1,2,<1,19,0,3,4,13,22,19,13,38,46,15,47,56,<1,7,5,1,100,1,23,1,1,86,50,48,55,51,11,1,<1,37,3,11,39,1,<1,62,43,53,4,<1,2,41,1,13,27,27,22,1,13,48,48,3,7,1,10,<1,1,11,5,2,45,3,11,2,0,15,1,5,33,1
2024-03-24,23,40,4,1,48,<1,10,71,12,2,2,1,22,10,9,1,1,1,2,<1,21,0,3,5,12,22,20,13,36,47,14,46,53,<1,7,5,1,91,1,22,1,1,83,52,38,42,41,7,1,1,39,3,12,45,1,1,61,41,53,5,<1,2,41,0,9,28,28,12,1,14,48,48,3,7,1,10,<1,1,10,5,2,43,3,10,2,0,13,1,5,31,1
,4934,8964,1312,307,10471,35,2312,16349,2871,448,343,255,3831,2455,729,41,236,317,387,6,5219,62,247,872,1696,3682,3972,2937,8430,4197,3166,12750,10679,9,938,566,321,15489,197,11441,239,252,17937,5462,8885,9723,9527,1536,58,32,6752,440,2693,6677,226,35,7713,9540,13912,694,67,217,5618,94,395,7972,7972,952,275,3050,14173,14173,297,668,253,2747,42,371,4012,1018,550,10559,1156,3409,529,69,2520,32,1153,8299,333
